Invoice,StockCode,Description,Quantity,InvoiceDate,Price,Customer ID,Country
521366,20725,LUNCH BAG RED SPOTTY,2,2010-09-05 10:54:00,1.65,16782.0,United Kingdom
524087,22625,RED KITCHEN SCALES,1,2010-09-27 11:41:00,16.98,,United Kingdom
525479,21491,SET OF THREE VINTAGE GIFT WRAPS,12,2010-10-05 15:34:00,1.95,17930.0,United Kingdom
527891,16020C,CLEAR STATIONERY BOX SET ,1,2010-10-19 12:16:00,0.85,14524.0,United Kingdom
526513,22513,DOORSTOP FOOTBALL DESIGN,2,2010-10-12 11:04:00,3.75,15039.0,United Kingdom
510549,21134,VICTORIAN METAL POSTCARD CHRISTMAS,8,2010-06-01 16:06:00,1.65,13719.0,United Kingdom
504556,22391,PAPERWEIGHT HOME SWEET HOME,4,2010-04-14 13:50:00,2.55,13878.0,United Kingdom
532295,84970S,HANGING HEART ZINC T-LIGHT HOLDER,12,2010-11-11 13:46:00,0.85,13226.0,United Kingdom
533965,22753,SMALL YELLOW BABUSHKA NOTEBOOK ,1,2010-11-19 13:06:00,1.66,,United Kingdom
533161,22411,JUMBO SHOPPER VINTAGE RED PAISLEY,2,2010-11-16 14:15:00,1.95,16347.0,United Kingdom
491155,20677,PINK SPOTTY BOWL,2,2009-12-10 09:49:00,2.57,,United Kingdom
536592,85015,SET OF 12  VINTAGE POSTCARD SET,2,2010-12-01 17:06:00,2.51,,United Kingdom
505712,22171,3 HOOK PHOTO SHELF ANTIQUE WHITE,2,2010-04-25 12:43:00,8.5,13527.0,United Kingdom
523513,22170,PICTURE FRAME WOOD TRIPLE PORTRAIT,6,2010-09-22 12:38:00,5.95,17850.0,United Kingdom
498095,85099F,JUMBO BAG STRAWBERRY,2,2010-02-16 12:50:00,1.95,16940.0,United Kingdom
515310,82483,WOOD 2 DRAWER CABINET WHITE FINISH,16,2010-07-09 17:17:00,4.95,15856.0,United Kingdom
491449,82580,BATHROOM METAL SIGN,25,2009-12-11 10:58:00,0.55,17230.0,United Kingdom
528629,84997A,GREEN 3 PIECE POLKADOT CUTLERY SET,6,2010-10-24 11:18:00,3.75,13654.0,United Kingdom
512709,21212,PACK OF 72 RETRO SPOT CAKE CASES,5,2010-06-17 12:21:00,0.55,16115.0,United Kingdom
531373,22959,WRAP CHRISTMAS VILLAGE,25,2010-11-07 15:49:00,0.42,15996.0,United Kingdom
499641,35921,EASTER BUNNY HANGING GARLAND,1,2010-03-01 14:01:00,1.25,17841.0,United Kingdom
527071,22728,ALARM CLOCK BAKELIKE PINK,4,2010-10-14 14:11:00,3.75,16912.0,United Kingdom
523420,82494L,WOODEN FRAME ANTIQUE WHITE ,12,2010-09-22 09:53:00,2.55,17850.0,United Kingdom
527400,22796,PHOTO FRAME 3 CLASSIC HANGING,12,2010-10-17 13:59:00,8.5,14175.0,United Kingdom
490523,21649,ASSORTED TUTTI FRUTTI PHOTO FRAME,1,2009-12-06 15:32:00,2.95,,United Kingdom
513560,22175,PINK OWL SOFT TOY,2,2010-06-25 13:37:00,2.95,13564.0,United Kingdom
500279,22167,"WALL MIRROR , DIAMANTE OVAL SHAPE",2,2010-03-05 14:52:00,20.38,,United Kingdom
C506877,84969,ASSORTED COLOUR SET 6 TEASPOONS,-1,2010-05-04 16:40:00,4.25,13047.0,United Kingdom
530422,22633,HAND WARMER UNION JACK,1,2010-11-03 09:36:00,4.21,,United Kingdom
504896,22138,BAKING SET 9 PIECE RETROSPOT ,4,2010-04-18 14:25:00,4.95,17041.0,United Kingdom
537844,21890,S/6 WOODEN SKITTLES IN COTTON BAG,1,2010-12-08 15:17:00,2.95,17999.0,United Kingdom
506262,22029,SPACEBOY BIRTHDAY CARD,12,2010-04-28 14:45:00,0.42,12839.0,United Kingdom
490745,22027,TEA PARTY BIRTHDAY CARD,1,2009-12-07 18:02:00,0.86,,United Kingdom
532811,22512,DOORSTOP RACING CAR DESIGN,4,2010-11-14 15:27:00,3.75,15606.0,United Kingdom
533957,M,Manual,1,2010-11-19 12:51:00,1.25,16885.0,United Kingdom
490149,21069,VINTAGE BILLBOARD TEA MUG,1,2009-12-04 09:43:00,2.57,,United Kingdom
523425,21790,VINTAGE SNAP CARDS,12,2010-09-22 10:22:00,0.85,16700.0,United Kingdom
498133,47581B,FAIRY CAKE WICKER PICNIC BASKET ,1,2010-02-16 17:24:00,25.49,,United Kingdom
536808,22570,FELTCRAFT CUSHION RABBIT,12,2010-12-02 16:46:00,3.75,17659.0,United Kingdom
524851,21002,ROSE DU SUD DRAWSTRING BAG,9,2010-09-30 18:45:00,4.25,12500.0,Germany
531208,22575,METAL MERRY CHRISTMAS WREATH,3,2010-11-05 16:03:00,1.95,,Unspecified
494875,84991,60 TEATIME FAIRY CAKE CASES,120,2010-01-19 12:31:00,0.42,17511.0,United Kingdom
506135,22617,BAKING SET SPACEBOY DESIGN,3,2010-04-27 15:21:00,4.95,15070.0,United Kingdom
495439,21549,CERAMIC BIRDHOUSE RED ROOF SMALL,6,2010-01-25 11:52:00,2.95,13477.0,United Kingdom
503975,22318,FIVE HEART HANGING DECORATION,6,2010-04-08 17:51:00,2.95,17529.0,United Kingdom
521494,21700,BIG DOUGHNUT FRIDGE MAGNETS,12,2010-09-06 14:05:00,0.85,13426.0,United Kingdom
524327,37370,RETRO COFFEE MUGS ASSORTED,1,2010-09-28 15:07:00,16.13,,United Kingdom
509207,35961,FOLKART ZINC HEART CHRISTMAS DEC,2,2010-05-21 09:40:00,1.66,,United Kingdom
499009,21239,PINK  SPOTTY CUP,96,2010-02-24 11:59:00,0.72,17511.0,United Kingdom
498104,22293,"SPRING DEC , HANGING CHICK  GREEN",1,2010-02-16 13:49:00,1.45,13503.0,United Kingdom
537995,21559,STRAWBERRY LUNCH BOX WITH CUTLERY,6,2010-12-09 11:39:00,2.55,12712.0,Germany
534379,22772,PINK DRAWER KNOB ACRYLIC EDWARDIAN,2,2010-11-22 12:36:00,1.25,14646.0,Netherlands
508822,21875,KINGS CHOICE MUG,12,2010-05-18 13:24:00,1.25,13501.0,Switzerland
537237,21810,CHRISTMAS HANGING STAR WITH BELL,5,2010-12-06 09:58:00,2.51,,United Kingdom
513796,22074,6 RIBBONS SHIMMERING PINKS ,12,2010-06-28 15:57:00,1.65,12799.0,Japan
492414,15036,ASSORTED COLOURS SILK FAN,1,2009-12-16 17:01:00,1.3,,United Kingdom
517866,72760B,VINTAGE CREAM 3 BASKET CAKE STAND,2,2010-08-02 14:33:00,9.95,12907.0,United Kingdom
536009,22749,FELTCRAFT PRINCESS CHARLOTTE DOLL,48,2010-11-29 15:07:00,3.39,12415.0,Australia
513598,21648,ASSORTED TUTTI FRUTTI SMALL PURSE,10,2010-06-27 11:18:00,1.25,13542.0,United Kingdom
C496084,82494L,WOODEN FRAME ANTIQUE WHITE ,-1,2010-01-28 18:15:00,2.95,17460.0,United Kingdom
494871,85152,HAND OVER THE CHOCOLATE   SIGN ,12,2010-01-19 12:17:00,2.1,17706.0,United Kingdom
496821,21458,2 PICTURE BOOK EGGS EASTER BUNNY,12,2010-02-04 10:37:00,1.25,13875.0,United Kingdom
518570,84990,60 GOLD AND SILVER FAIRY CAKE CASES,1,2010-08-10 11:49:00,1.28,,United Kingdom
C504374,22467,GUMBALL COAT RACK,-1,2010-04-13 11:07:00,2.55,17677.0,United Kingdom
511685,84992,72 SWEETHEART FAIRY CAKE CASES,24,2010-06-09 15:41:00,0.55,12634.0,USA
532076,22217,T-LIGHT HOLDER HANGING LACE,4,2010-11-10 15:00:00,1.25,17338.0,United Kingdom
517914,85123A,WHITE HANGING HEART T-LIGHT HOLDER,32,2010-08-03 10:33:00,2.55,17511.0,United Kingdom
489446,20728,LUNCH BAG CARS BLUE,10,2009-12-01 10:06:00,1.65,13758.0,United Kingdom
500302,82600,NO SINGING METAL SIGN,12,2010-03-07 10:49:00,2.1,14110.0,United Kingdom
503342,22177,5 HOOK BLACKBOARD ORGANISER ,1,2010-03-31 13:09:00,9.95,16845.0,United Kingdom
531382,85123A,WHITE HANGING HEART T-LIGHT HOLDER,5,2010-11-07 16:29:00,2.95,16549.0,United Kingdom
530845,22178,VICTORIAN GLASS HANGING T-LIGHT,24,2010-11-04 14:25:00,1.25,14895.0,United Kingdom
506781,21164,HOME SWEET HOME METAL SIGN ,12,2010-05-04 12:16:00,2.95,14895.0,United Kingdom
491160,21888,BINGO SET,4,2009-12-10 10:29:00,3.75,14911.0,EIRE
500170,84796A,PINK HAWAIIAN PICNIC HAMPER FOR 2,1,2010-03-05 10:05:00,12.75,18226.0,United Kingdom
501552,37503,TEA TIME CAKE STAND IN GIFT BOX,2,2010-03-17 15:37:00,10.75,14249.0,United Kingdom
514563,21244,BLUE  SPOTTY PLATE ,12,2010-07-05 11:48:00,1.69,15039.0,United Kingdom
502596,22328,ROUND SNACK BOXES SET OF 4 FRUITS ,6,2010-03-25 13:15:00,2.95,16553.0,United Kingdom
517975,22245,"HOOK, 1 HANGER ,MAGIC GARDEN",24,2010-08-03 14:01:00,0.85,16767.0,United Kingdom
526738,85114B,IVORY ENCHANTED FOREST PLACEMAT,1,2010-10-12 18:02:00,3.36,,United Kingdom
516726,21621,VINTAGE UNION JACK BUNTING,2,2010-07-22 13:07:00,8.5,17643.0,United Kingdom
489575,21743,STAR PORTABLE TABLE LIGHT ,6,2009-12-01 13:37:00,2.95,13590.0,United Kingdom
498696,22193,RED DINER WALL CLOCK,2,2010-02-22 12:05:00,8.5,16619.0,United Kingdom
506951,47599A,PINK PARTY BAGS,6,2010-05-05 11:36:00,2.1,14560.0,United Kingdom
505510,22535,MAGIC DRAWING SLATE BUNNIES ,1,2010-04-22 14:33:00,0.85,,United Kingdom
511656,20711,JUMBO BAG TOYS ,2,2010-06-09 14:13:00,4.21,,United Kingdom
518330,84832,ZINC WILLIE WINKIE  CANDLE STICK,12,2010-08-06 12:31:00,0.85,17790.0,United Kingdom
535948,71477,COLOUR GLASS. STAR T-LIGHT HOLDER,2,2010-11-29 12:00:00,6.77,,United Kingdom
520824,22312,OFFICE MUG WARMER POLKADOT,1,2010-08-31 12:30:00,8.47,,United Kingdom
512001,20725,LUNCH BAG RED SPOTTY,2,2010-06-11 15:54:00,1.65,17963.0,United Kingdom
535775,21872,GLAMOROUS  MUG,2,2010-11-28 13:40:00,1.25,16033.0,United Kingdom
494872,84975,HEART SHAPED MIRROR,6,2010-01-19 12:18:00,1.69,14715.0,United Kingdom
537881,48111,DOORMAT 3 SMILEY CATS,10,2010-12-09 09:23:00,6.75,15513.0,United Kingdom
522913,22151,PLACE SETTING WHITE HEART,6,2010-09-17 13:52:00,0.42,15026.0,United Kingdom
511976,21272,SALLE DE BAIN HOOK,4,2010-06-11 14:37:00,1.25,17191.0,United Kingdom
512557,21621,VINTAGE UNION JACK BUNTING,2,2010-06-16 14:25:00,8.5,14374.0,United Kingdom
499173,35811A,ENAMEL PINK SUGAR CONTAINER,18,2010-02-25 10:06:00,2.1,18268.0,United Kingdom
520704,22662,LUNCH BAG DOLLY GIRL DESIGN,10,2010-08-29 12:05:00,1.65,13102.0,United Kingdom
503515,22479,DAISY GARDEN MARKER,10,2010-04-01 12:54:00,1.25,13196.0,United Kingdom
522024,20750,RED/WHITE DOT MINI CASES,1,2010-09-10 11:40:00,7.95,17228.0,United Kingdom
500118,21874,GIN AND TONIC MUG,2,2010-03-04 13:39:00,1.25,14680.0,United Kingdom
525422,22176,BLUE OWL SOFT TOY,4,2010-10-05 12:53:00,2.95,16065.0,United Kingdom
511276,22428,ENAMEL FIRE BUCKET CREAM,2,2010-06-07 13:29:00,6.95,17515.0,United Kingdom
494378,21508,VINTAGE KID DOLLY CARD ,4,2010-01-13 17:03:00,0.84,,United Kingdom
491069,21977,PACK OF 60 PINK PAISLEY CAKE CASES,24,2009-12-09 12:30:00,0.55,12921.0,United Kingdom
519477,21989,PACK OF 20 SKULL PAPER NAPKINS,24,2010-08-17 12:44:00,0.85,13001.0,United Kingdom
509401,22487,WHITE WOOD GARDEN PLANT LADDER,2,2010-05-23 11:24:00,9.95,16702.0,United Kingdom
528087,21056,DOCTOR'S BAG SOFT TOY,1,2010-10-20 13:09:00,8.95,16521.0,United Kingdom
493192,72655C,,8,2009-12-22 13:18:00,0.0,,United Kingdom
533336,22907,PACK OF 20 NAPKINS PANTRY DESIGN,12,2010-11-16 18:10:00,0.85,12714.0,France
535670,22382,LUNCH BAG SPACEBOY DESIGN ,10,2010-11-28 12:03:00,1.65,15834.0,United Kingdom
534842,22470,HEART OF WICKER LARGE,6,2010-11-24 13:21:00,2.95,15262.0,United Kingdom
511509,22055,MINI CAKE STAND  HANGING STRAWBERY,1,2010-06-08 15:26:00,3.36,,United Kingdom
532252,22744,MAKE YOUR OWN MONSOON CARD KIT,6,2010-11-11 12:45:00,2.95,17416.0,United Kingdom
491966,85226C,BLUE PULL BACK RACING CAR,4,2009-12-14 17:16:00,1.7,,United Kingdom
518797,21915,RED  HARMONICA IN BOX ,12,2010-08-12 10:05:00,1.25,14276.0,United Kingdom
516138,21154,RED SPOTTY OVEN GLOVE ,10,2010-07-16 16:10:00,1.25,16670.0,United Kingdom
516476,21012,ANTIQUE ALL GLASS CANDLESTICK,6,2010-07-20 16:27:00,2.1,17584.0,United Kingdom
515674,21535,RED RETROSPOT SMALL MILK JUG,6,2010-07-14 10:58:00,2.55,13013.0,United Kingdom
536544,22182,CAKE STAND VICTORIAN FILIGREE SMALL,1,2010-12-01 14:32:00,4.21,,United Kingdom
492399,22355,"CHARLOTTE BAG , SUKI DESIGN",10,2009-12-16 15:31:00,0.85,14329.0,United Kingdom
520193,22423,REGENCY CAKESTAND 3 TIER,3,2010-08-24 14:47:00,25.49,,United Kingdom
538113,20969,RED FLORAL FELTCRAFT SHOULDER BAG,4,2010-12-09 15:29:00,3.75,15811.0,United Kingdom
518270,22577,WOODEN HEART CHRISTMAS SCANDINAVIAN,2,2010-08-05 20:03:00,0.85,16549.0,United Kingdom
519730,21171,BATHROOM METAL SIGN ,1,2010-08-19 19:39:00,1.45,16549.0,United Kingdom
527197,22852,ENAMEL DOG BOWL CREAM,48,2010-10-15 11:47:00,3.75,15181.0,United Kingdom
527819,21034,REX CASH+CARRY JUMBO SHOPPER,1,2010-10-19 11:22:00,0.95,16515.0,United Kingdom
536980,22699,ROSES REGENCY TEACUP AND SAUCER ,48,2010-12-03 14:26:00,2.55,17819.0,United Kingdom
512528,22410,MONEY BOX HOUSEKEEPING DESIGN,6,2010-06-16 11:54:00,1.25,17952.0,United Kingdom
536783,22629,SPACEBOY LUNCH BOX ,64,2010-12-02 15:19:00,1.65,15061.0,United Kingdom
519829,21472,LADYBIRD + BEE RAFFIA FOOD COVER,12,2010-08-20 14:53:00,3.75,14911.0,EIRE
508196,47599A,PINK PARTY BAGS,126,2010-05-13 13:30:00,1.69,16754.0,United Kingdom
519409,22433,WATERING CAN GREEN DINOSAUR,6,2010-08-17 09:59:00,1.95,13945.0,United Kingdom
508487,21034,REX CASH+CARRY JUMBO SHOPPER,2,2010-05-16 13:10:00,0.95,18039.0,United Kingdom
C495585,22064,PINK DOUGHNUT TRINKET POT ,-4,2010-01-26 10:17:00,1.65,18223.0,United Kingdom
536733,47599B,BLUE PARTY BAGS ,6,2010-12-02 12:50:00,2.1,15738.0,United Kingdom
498161,22214,CANDLE PLATE LACE WHITE,6,2010-02-17 12:03:00,2.55,15251.0,United Kingdom
496704,22138,BAKING SET 9 PIECE RETROSPOT ,3,2010-02-03 13:24:00,4.95,16709.0,United Kingdom
509394,47566,PARTY BUNTING,60,2010-05-23 10:54:00,3.75,13647.0,United Kingdom
504257,22033,BOTANICAL ROSE GREETING CARD,12,2010-04-12 13:50:00,0.42,12982.0,United Kingdom
528305,22073,RED RETROSPOT STORAGE JAR,1,2010-10-21 12:09:00,3.75,17834.0,United Kingdom
518386,22189,CREAM HEART CARD HOLDER,6,2010-08-08 12:11:00,3.95,14161.0,United Kingdom
516168,M,Manual,1,2010-07-18 13:22:00,21.95,15547.0,United Kingdom
523198,85099C,JUMBO  BAG BAROQUE BLACK WHITE,10,2010-09-21 09:17:00,1.95,14227.0,United Kingdom
512946,82484,WOOD BLACK BOARD ANT WHITE FINISH,2,2010-06-20 15:32:00,6.45,17625.0,United Kingdom
517076,84987,SET OF 36 TEATIME PAPER DOILIES,1,2010-07-26 14:05:00,2.98,,United Kingdom
501029,21668,RED STRIPE CERAMIC DRAWER KNOB,12,2010-03-11 17:21:00,1.25,16011.0,United Kingdom
537374,22328,ROUND SNACK BOXES SET OF 4 FRUITS ,1,2010-12-06 12:55:00,2.95,17259.0,United Kingdom
489539,22083,PAPER CHAIN KIT RETRO SPOT,160,2009-12-01 12:18:00,2.55,15061.0,United Kingdom
506959,21243,PINK  SPOTTY PLATE ,1,2010-05-05 12:05:00,3.36,,United Kingdom
492300,21737,SET 3 WICKER LOG BASKETS,8,2009-12-16 11:55:00,16.95,12747.0,United Kingdom
489904,84029E,RED WOOLLY HOTTIE WHITE HEART.,4,2009-12-03 10:02:00,3.75,13979.0,United Kingdom
523137,22295,HEART FILIGREE DOVE LARGE,8,2010-09-20 14:14:00,1.65,17785.0,United Kingdom
514026,20675,BLUE SPOTTY BOWL,8,2010-06-30 11:32:00,1.25,17676.0,United Kingdom
516967,22594,CHRISTMAS GINGHAM TREE,12,2010-07-26 09:50:00,0.85,12813.0,Netherlands
510776,22355,CHARLOTTE BAG SUKI DESIGN,10,2010-06-03 14:44:00,0.85,12877.0,United Kingdom
C491590,35400,WOODEN BOX ADVENT CALENDAR ,-1,2009-12-11 13:07:00,8.95,16917.0,United Kingdom
507380,84868B,BLUE BABY BOY'S MEMORY BOX,1,2010-05-09 11:40:00,6.95,13838.0,United Kingdom
519666,20727,LUNCH BAG  BLACK SKULL.,20,2010-08-19 12:16:00,1.65,12976.0,United Kingdom
C527934,22752,SET 7 BABUSHKA NESTING BOXES,-2,2010-10-19 13:35:00,8.5,12921.0,United Kingdom
494015,20752,RETRO BLUE SPOTTY WASHING UP GLOVES,2,2010-01-11 09:34:00,2.57,,United Kingdom
513312,51014L,"FEATHER PEN,LIGHT PINK",12,2010-06-23 15:40:00,0.85,14798.0,United Kingdom
533576,20677,PINK POLKADOT BOWL,12,2010-11-18 11:02:00,1.25,15482.0,United Kingdom
513362,21062,PARTY INVITES SPACEMAN,3,2010-06-24 11:33:00,1.66,,United Kingdom
527656,21285,RETROSPOT CANDLE  MEDIUM,24,2010-10-18 14:10:00,0.65,16202.0,United Kingdom
520322,22139,RETRO SPOT TEA SET CERAMIC 11 PC ,3,2010-08-25 12:16:00,4.95,13648.0,United Kingdom
535786,21587,COSY HOUR GIANT TUBE MATCHES,1,2010-11-28 14:13:00,2.55,14878.0,United Kingdom
516734,21357,TOAST ITS - DINOSAUR,48,2010-07-22 13:43:00,1.25,16555.0,United Kingdom
519560,21657,MILK BOTTLE WITH GLASS STOPPER ,2,2010-08-18 11:34:00,14.43,,United Kingdom
525871,20711,JUMBO BAG TOYS ,2,2010-10-07 13:42:00,1.95,17354.0,United Kingdom
532419,22835,HOT WATER BOTTLE I AM SO POORLY,3,2010-11-12 09:18:00,9.32,,United Kingdom
515420,84673B,BLUE FLY SWAT,1,2010-07-12 13:15:00,0.65,17365.0,United Kingdom
497812,84029E,RED WOOLLY HOTTIE WHITE HEART.,1,2010-02-12 14:46:00,3.75,14415.0,United Kingdom
490157,51008,AFGHAN SLIPPER SOCK PAIR,40,2009-12-04 10:39:00,3.45,16736.0,United Kingdom
501870,21884,CAKES AND BOWS GIFT  TAPE,12,2010-03-21 12:20:00,0.55,17448.0,United Kingdom
497166,22054,MINI CAKE STAND HANGING HEARTS,1,2010-02-05 17:21:00,3.36,,United Kingdom
520336,22082,RIBBON REEL STRIPES DESIGN ,1,2010-08-25 12:39:00,1.65,16019.0,United Kingdom
513410,21313,GLASS HEART T-LIGHT HOLDER ,12,2010-06-24 12:11:00,0.85,15051.0,United Kingdom
530060,84199,GLOW IN DARK DOLPHINS,1,2010-11-01 11:35:00,0.43,,United Kingdom
525481,90019C,SILVER BLACK ORBIT BRACELET,1,2010-10-05 15:42:00,4.95,,United Kingdom
507937,20895,,-34,2010-05-12 10:11:00,0.0,,United Kingdom
509980,82613B,"METAL SIGN,CUPCAKE SINGLE HOOK",8,2010-05-26 14:07:00,1.25,12378.0,Switzerland
521148,22189,CREAM HEART CARD HOLDER,2,2010-09-02 13:27:00,3.95,16065.0,United Kingdom
526564,22145,CHRISTMAS CRAFT HEART STOCKING ,6,2010-10-12 11:39:00,2.1,16161.0,United Kingdom
490353,21534,DAIRY MAID LARGE MILK JUG,1,2009-12-04 16:37:00,4.95,15514.0,United Kingdom
534362,84347,ROTATING SILVER ANGELS T-LIGHT HLDR,6,2010-11-22 11:57:00,2.55,16200.0,United Kingdom
533113,22312,OFFICE MUG WARMER POLKADOT,6,2010-11-16 12:19:00,2.95,17852.0,United Kingdom
534859,21775,DECORATIVE FLORE BATHROOM BOTTLE,1,2010-11-24 13:56:00,2.51,,United Kingdom
503343,21257,VICTORIAN SEWING BOX MEDIUM,2,2010-03-31 13:10:00,7.95,15796.0,United Kingdom
528040,22156,HEART DECORATION WITH PEARLS ,24,2010-10-20 11:32:00,0.85,13557.0,United Kingdom
521985,21125,SET 6 FOOTBALL CELEBRATION CANDLES,12,2010-09-10 10:27:00,1.25,14623.0,United Kingdom
516877,22423,REGENCY CAKESTAND 3 TIER,1,2010-07-23 13:30:00,12.75,17364.0,United Kingdom
490149,21397,BLUE  SPOTTY EGG CUP ,2,2009-12-04 09:43:00,3.43,,United Kingdom
494029,21136,PAINTED METAL PEARS ASSORTED,8,2010-01-11 10:24:00,1.69,12913.0,United Kingdom
C512515,20914,SET/5 RED SPOTTY LID GLASS BOWLS,-1,2010-06-16 11:19:00,2.95,16550.0,United Kingdom
532085,22801,ANTIQUE GLASS PEDESTAL BOWL,6,2010-11-10 15:20:00,3.75,14031.0,United Kingdom
522428,21158,MOODY GIRL DOOR HANGER ,2,2010-09-14 13:24:00,1.45,16444.0,United Kingdom
494395,22131,FOOD CONTAINER SET 3 LOVE HEART ,6,2010-01-14 10:35:00,1.95,14256.0,United Kingdom
498015,84970S,HANGING HEART ZINC T-LIGHT HOLDER,12,2010-02-15 15:54:00,0.85,17442.0,United Kingdom
522792,22627,MINT KITCHEN SCALES,3,2010-09-16 14:52:00,8.5,17706.0,United Kingdom
515595,21868,POTTING SHED TEA MUG,12,2010-07-13 13:50:00,1.25,13089.0,United Kingdom
500116,47591D,PINK FAIRY CAKE CHILD'S APRON,16,2010-03-04 13:01:00,1.95,17577.0,United Kingdom
534709,22489,PACK OF 12 TRADITIONAL CRAYONS,1,2010-11-23 16:53:00,0.85,,United Kingdom
537626,22728,ALARM CLOCK BAKELIKE PINK,4,2010-12-07 14:57:00,3.75,12347.0,Iceland
495953,84970L,SINGLE HEART ZINC T-LIGHT HOLDER,1,2010-01-27 17:56:00,2.13,,United Kingdom
506711,22528,GARDENERS KNEELING PAD,1,2010-05-02 15:31:00,1.25,17051.0,United Kingdom
496595,22122,SET OF 2 FANCY FONT TEA TOWELS,1,2010-02-02 15:49:00,2.95,13042.0,United Kingdom
535834,22204,MILK PAN BLUE POLKADOT,4,2010-11-29 09:44:00,3.75,17722.0,United Kingdom
525760,21370,MIRRORED WALL ART FOXY,24,2010-10-07 10:36:00,1.25,13694.0,United Kingdom
534006,20966,SANDWICH BATH SPONGE,3,2010-11-19 14:29:00,2.51,,United Kingdom
537638,90202C,GREEN ENAMEL FLOWER HAIR TIE,1,2010-12-07 15:28:00,2.96,,United Kingdom
498999,16239,BALLERINA HEART DECORATION.,1,2010-02-24 11:51:00,2.95,16406.0,United Kingdom
497917,70007,HI TEC ALPINE HAND WARMER,12,2010-02-14 15:13:00,1.65,13421.0,United Kingdom
502430,21870,I CAN ONLY PLEASE ONE PERSON MUG,18,2010-03-24 12:47:00,1.25,16735.0,United Kingdom
535253,21705,BAG 500g SWIRLY MARBLES,2,2010-11-25 13:08:00,1.65,16874.0,United Kingdom
501550,20752,RETRO BLUE SPOTTY WASHING UP GLOVES,6,2010-03-17 15:29:00,2.1,13371.0,United Kingdom
C500722,21648,ASSORTED TUTTI FRUTTI SMALL PURSE,-3,2010-03-09 15:40:00,1.25,15538.0,United Kingdom
512956,20977,36 PENCILS TUBE WOODLAND,16,2010-06-21 10:32:00,1.25,14338.0,United Kingdom
519419,21929,JUMBO BAG PINK VINTAGE PAISLEY,10,2010-08-17 10:29:00,1.95,12431.0,Australia
511229,85217,ASSORTED ICE CREAM FRIDGE MAGNETS,60,2010-06-07 12:28:00,0.65,12358.0,Austria
C509015,21544,SKULLS  WATER TRANSFER TATTOOS ,-2,2010-05-19 13:36:00,0.85,14598.0,United Kingdom
526733,22064,PINK DOUGHNUT TRINKET POT ,12,2010-10-12 17:53:00,1.65,16975.0,United Kingdom
506224,21642,ASSORTED TUTTI FRUTTI PEN,1,2010-04-28 11:55:00,1.66,,United Kingdom
505615,21452,TOADSTOOL MONEY BOX,12,2010-04-23 12:49:00,2.95,15288.0,United Kingdom
502429,84031B,CHARLIE LOLA BLUE HOT WATER BOTTLE ,6,2010-03-24 12:43:00,4.65,12742.0,United Arab Emirates
493962,21272,SALLE DE BAIN HOOK,2,2010-01-08 15:19:00,1.25,15311.0,United Kingdom
524574,21340,CLASSIC METAL BIRDCAGE PLANT HOLDER,1,2010-09-29 15:47:00,12.75,16773.0,United Kingdom
490659,21523,FANCY FONT HOME SWEET HOME DOORMAT,6,2009-12-07 12:26:00,5.95,17850.0,United Kingdom
532252,20725,LUNCH BAG RED RETROSPOT,10,2010-11-11 12:45:00,1.65,17416.0,United Kingdom
530662,21485,RETROSPOT HEART HOT WATER BOTTLE,3,2010-11-04 10:42:00,4.95,15255.0,United Kingdom
514973,37503,TEA TIME CAKE STAND IN GIFT BOX,2,2010-07-07 12:43:00,10.75,17213.0,United Kingdom
525314,84944,SET OF 6 KASHMIR FOLKART BAUBLES,6,2010-10-05 11:00:00,4.25,17726.0,United Kingdom
532445,22882,NUMBER TILE VINTAGE FONT 3,2,2010-11-12 11:31:00,1.95,17772.0,United Kingdom
502848,22149,FELTCRAFT 6 FLOWER FRIENDS,1,2010-03-28 14:04:00,2.1,15570.0,United Kingdom
537434,22449,SILK PURSE BABUSHKA PINK,1,2010-12-06 16:57:00,6.77,,United Kingdom
517403,85099F,JUMBO BAG STRAWBERRY,1,2010-07-29 10:46:00,1.95,14606.0,United Kingdom
532364,21327,SKULLS WRITING SET ,4,2010-11-11 17:28:00,1.65,14713.0,United Kingdom
513625,47589,CONGRATULATIONS BUNTING,1,2010-06-27 13:09:00,5.45,14505.0,United Kingdom
494873,21936,RED/WHITE SPOT PICNIC BAG,5,2010-01-19 12:26:00,2.95,12589.0,France
506139,84968A,S/16 VINTAGE ROSE CUTLERY,2,2010-04-27 15:47:00,12.75,18268.0,United Kingdom
508202,22509,SEWING BOX RETROSPOT DESIGN ,4,2010-05-13 14:18:00,14.95,17416.0,United Kingdom
502104,22453,MEASURING TAPE RUSSIAN DOLL BLUE,2,2010-03-23 09:57:00,2.95,15984.0,United Kingdom
528599,79302M,"ART LIGHTS,FUNK MONKEY",20,2010-10-22 14:55:00,2.55,15606.0,United Kingdom
511451,21470,FLOWER VINE RAFFIA FOOD COVER,2,2010-06-08 12:41:00,3.75,17543.0,United Kingdom
528605,22622,BOX OF VINTAGE ALPHABET BLOCKS,2,2010-10-22 15:24:00,9.95,15865.0,United Kingdom
529068,21232,STRAWBERRY CERAMIC TRINKET BOX,3,2010-10-26 12:14:00,2.51,,United Kingdom
509984,20671,BLUE TEATIME PRINT BOWL ,8,2010-05-26 14:38:00,1.25,16458.0,United Kingdom
522621,20684,STRAWBERRY DREAM CHILDS UMBRELLA,6,2010-09-15 15:16:00,3.25,16477.0,United Kingdom
519473,20892,SET/3 TALL GLASS CANDLE HOLDER PINK,1,2010-08-17 12:03:00,25.49,,United Kingdom
507424,21210,SET OF 72 RETRO SPOT PAPER  DOILIES,1,2010-05-09 15:22:00,1.45,12748.0,United Kingdom
522720,84029E,RED WOOLLY HOTTIE WHITE HEART.,8,2010-09-16 12:20:00,3.75,16912.0,United Kingdom
532139,84926D,LA PALMIERA TILE COASTER,1,2010-11-11 11:18:00,2.51,,United Kingdom
527512,21314,SMALL GLASS HEART TRINKET POT,4,2010-10-18 12:54:00,2.1,14130.0,United Kingdom
518663,22488,NATURAL SLATE RECTANGLE CHALKBOARD,2,2010-08-10 14:27:00,1.65,14044.0,United Kingdom
500472,84578,ELEPHANT TOY WITH BLUE T-SHIRT,2,2010-03-08 12:44:00,4.21,,United Kingdom
528588,22173,METAL 4 HOOK HANGER FRENCH CHATEAU,3,2010-10-22 14:04:00,2.95,14080.0,United Kingdom
503790,90209B,GREEN ENAMEL+GLASS HAIR COMB,6,2010-04-07 12:45:00,2.1,13174.0,United Kingdom
517546,72800B,S/4 PURPLE DINNER CANDLE BLK FLOCK,1,2010-07-29 17:03:00,2.55,,United Kingdom
529178,84991,60 TEATIME FAIRY CAKE CASES,24,2010-10-26 18:23:00,0.55,16639.0,United Kingdom
519619,15060B,FAIRY CAKE DESIGN UMBRELLA,1,2010-08-19 09:22:00,8.47,,United Kingdom
529342,22851,SET 20 NAPKINS FAIRY CAKES DESIGN ,12,2010-10-27 16:41:00,0.85,18060.0,United Kingdom
530437,22763,KEY CABINET MA CAMPAGNE,1,2010-11-03 11:13:00,9.95,15915.0,United Kingdom
512168,22650,CERAMIC PIRATE CHEST MONEY BANK,1,2010-06-14 11:24:00,3.36,,United Kingdom
508854,84637,KITCHEN FLOWER POTS WALL PLAQUE,1,2010-05-18 15:13:00,12.72,,United Kingdom
520833,22494,EMERGENCY FIRST AID TIN ,1,2010-08-31 12:41:00,2.51,,United Kingdom
524972,22356,CHARLOTTE BAG PINK POLKADOT,10,2010-10-01 14:57:00,0.85,13849.0,United Kingdom
537240,22960,JAM MAKING SET WITH JARS,2,2010-12-06 10:08:00,8.47,,United Kingdom
514529,22037,ROBOT BIRTHDAY CARD,12,2010-07-05 09:58:00,0.42,12681.0,France
501320,22423,REGENCY CAKESTAND 3 TIER,8,2010-03-16 09:49:00,12.75,15123.0,United Kingdom
490504,22086,PAPER CHAIN KIT 50'S CHRISTMAS ,1,2009-12-06 14:03:00,2.95,15311.0,United Kingdom
489875,21035,SET/2 RED SPOTTY TEA TOWELS ,1,2009-12-02 15:41:00,2.95,17841.0,United Kingdom
536876,22737,RIBBON REEL CHRISTMAS PRESENT ,2,2010-12-03 11:36:00,3.36,,United Kingdom
514984,37477B,"FLOWER FAIRY MUG+COASTER,LAVENDER",1,2010-07-07 13:50:00,3.75,17841.0,United Kingdom
537751,22822,CREAM WALL PLANTER HEART SHAPED,4,2010-12-08 11:04:00,5.95,17706.0,United Kingdom
490397,21844,RETRO SPOT MUG,6,2009-12-06 10:30:00,2.95,12417.0,Belgium
503667,17165D,ASS COL LARGE SAND FROG P'WEIGHT,4,2010-04-06 11:42:00,1.05,15493.0,United Kingdom
523314,21777,RECIPE BOX WITH METAL HEART,1,2010-09-21 13:24:00,7.95,14224.0,United Kingdom
513625,22359,GLASS JAR KINGS CHOICE,1,2010-06-27 13:09:00,2.95,14505.0,United Kingdom
505189,22083,PAPER CHAIN KIT RETRO SPOT,6,2010-04-20 15:32:00,2.95,13485.0,United Kingdom
520041,21253,SET OF PICTURE FRAME  STICKERS,12,2010-08-23 14:12:00,2.95,13081.0,United Kingdom
527925,84051,ASS COLOUR GLOWING TIARAS,20,2010-10-19 13:20:00,0.85,17397.0,United Kingdom
C514031,22646,CERAMIC STRAWBERRY CAKE MONEY BANK,-4,2010-06-30 11:37:00,1.45,14156.0,EIRE
489914,21241,GREEN SPOTTY CUP,16,2009-12-03 10:28:00,0.85,12921.0,United Kingdom
505741,21627,ELEPHANT CARNIVAL POUFFE,1,2010-04-25 15:56:00,14.95,16984.0,United Kingdom
537534,22371,AIRLINE BAG VINTAGE TOKYO 78,5,2010-12-07 11:48:00,0.0,,United Kingdom
497209,72129,COLUMBIAN CANDLE ROUND ,1,2010-02-07 12:40:00,0.65,16788.0,United Kingdom
537389,21754,HOME BUILDING BLOCK WORD,1,2010-12-06 13:41:00,5.95,17757.0,United Kingdom
513776,22332,SKULLS PARTY BAG + STICKER SET,144,2010-06-28 14:01:00,1.45,16754.0,United Kingdom
517743,84947,ANTIQUE SILVER TEA GLASS ENGRAVED,1,2010-08-01 15:51:00,1.25,17984.0,United Kingdom
518896,22649,STRAWBERRY FAIRY CAKE TEAPOT,16,2010-08-12 13:38:00,4.95,14156.0,EIRE
537534,20726,LUNCH BAG WOODLAND,1,2010-12-07 11:48:00,0.0,,United Kingdom
502635,M,Manual,1,2010-03-25 16:22:00,302.31,,United Kingdom
534203,20724,RED RETROSPOT CHARLOTTE BAG,1,2010-11-21 15:28:00,0.85,14583.0,United Kingdom
532738,85152,HAND OVER THE CHOCOLATE   SIGN ,1,2010-11-14 13:03:00,2.1,13668.0,United Kingdom
507297,22386,JUMBO BAG PINK WITH WHITE SPOTS,10,2010-05-07 14:44:00,1.95,13313.0,United Kingdom
506029,47566,PARTY BUNTING,4,2010-04-27 11:40:00,4.65,16550.0,United Kingdom
509764,48187,DOOR MAT NEW ENGLAND,4,2010-05-25 15:23:00,7.49,15421.0,United Kingdom
523922,22139,RETRO SPOT TEA SET CERAMIC 11 PC ,6,2010-09-24 16:24:00,4.95,13141.0,United Kingdom
512112,84676,BATH DUCK WATERING CAN,1,2010-06-13 14:40:00,2.95,17841.0,United Kingdom
527427,21889,WOODEN BOX OF DOMINOES,4,2010-10-17 16:16:00,1.25,15555.0,United Kingdom
509075,84620,BLUE GINGHAM ROSE CUSHION COVER,5,2010-05-20 11:42:00,5.95,,United Kingdom
537135,85064,CREAM SWEETHEART LETTER RACK,2,2010-12-05 12:35:00,5.45,17059.0,United Kingdom
532667,22809,SET OF 6 T-LIGHTS SANTA,1,2010-11-14 11:41:00,2.95,16121.0,United Kingdom
533336,21212,PACK OF 72 RETROSPOT CAKE CASES,24,2010-11-16 18:10:00,0.55,12714.0,France
509055,22549,PICTURE DOMINOES,24,2010-05-20 11:19:00,1.45,13983.0,United Kingdom
523612,21213,PACK OF 72 SKULL CAKE CASES,24,2010-09-23 10:44:00,0.55,13001.0,United Kingdom
524368,22718,CARD CAT AND TREE ,1,2010-09-28 17:18:00,0.85,,United Kingdom
502825,22515,CHILDS GARDEN SPADE PINK,3,2010-03-28 11:30:00,2.1,16787.0,United Kingdom
505343,84987,SET OF 36 TEATIME PAPER DOILIES,12,2010-04-21 13:23:00,1.45,16592.0,United Kingdom
497787,37492C,GREEN BLUE FLOWER PIGGY BANK,12,2010-02-12 11:54:00,1.65,15293.0,United Kingdom
535351,22090,PAPER BUNTING RETROSPOT,6,2010-11-25 16:54:00,2.95,15785.0,United Kingdom
504313,84378,SET OF 3 HEART COOKIE CUTTERS,12,2010-04-12 14:39:00,1.25,,EIRE
524201,22044,CHRISTMAS CARD STACK OF PRESENTS,36,2010-09-28 09:42:00,0.42,17863.0,United Kingdom
501161,47570,ENGLISH ROSE TABLE CLOTH,1,2010-03-15 09:28:00,21.23,,United Kingdom
507715,84797B,BLUE SAVANNAH PICNIC HAMPER FOR 4,12,2010-05-11 11:47:00,4.95,13881.0,United Kingdom
535948,21258,VICTORIAN SEWING BOX LARGE,1,2010-11-29 12:00:00,25.49,,United Kingdom
489536,20814,SILVER FINCH DECORATION,1,2009-12-01 12:13:00,1.25,16393.0,United Kingdom
498095,22241,GARLAND WOODEN HAPPY EASTER,4,2010-02-16 12:50:00,1.25,16940.0,United Kingdom
521169,21866,UNION JACK FLAG LUGGAGE TAG,2,2010-09-02 15:09:00,3.36,,United Kingdom
505781,22441,GROW YOUR OWN BASIL IN ENAMEL MUG,8,2010-04-26 10:46:00,2.1,15420.0,United Kingdom
532150,84991,60 TEATIME FAIRY CAKE CASES,1,2010-11-11 12:06:00,0.55,16395.0,United Kingdom
511497,15036,ASSORTED COLOURS SILK FAN,36,2010-06-08 14:40:00,0.75,13089.0,United Kingdom
513050,22081,RIBBON REEL FLORA + FAUNA ,2,2010-06-21 13:18:00,1.65,14493.0,United Kingdom
500025,21175,GIN + TONIC DIET METAL SIGN,4,2010-03-04 11:11:00,2.1,15950.0,United Kingdom
C518763,20798,CLEAR MILKSHAKE GLASS,-4,2010-08-11 14:23:00,2.1,14156.0,EIRE
516698,21714,CITRONELLA CANDLE GARDEN POT,5,2010-07-22 12:08:00,2.51,,United Kingdom
523713,22578,WOODEN STAR CHRISTMAS SCANDINAVIAN,48,2010-09-23 15:43:00,0.85,16546.0,United Kingdom
520018,22575,METAL MERRY CHRISTMAS WREATH,8,2010-08-23 11:58:00,1.95,18140.0,West Indies
519386,22041,"RECORD FRAME 7"" SINGLE SIZE ",1,2010-08-16 14:19:00,5.06,,United Kingdom
525524,21723,ALPHABET HEARTS STICKER SHEET,4,2010-10-05 17:55:00,0.85,15750.0,United Kingdom
493181,51020A,SUMMER FUN DESIGN SHOWER CAP,288,2009-12-22 12:01:00,0.29,18251.0,United Kingdom
530850,72760B,VINTAGE CREAM 3 BASKET CAKE STAND,1,2010-11-04 14:49:00,21.23,,United Kingdom
506091,21627,ELEPHANT CARNIVAL POUFFE,3,2010-04-27 12:12:00,14.95,15402.0,United Kingdom
530586,22423,REGENCY CAKESTAND 3 TIER,2,2010-11-03 14:46:00,12.75,16178.0,United Kingdom
509100,21094,SET/6 RED SPOTTY PAPER PLATES,4,2010-05-20 11:49:00,0.85,17841.0,United Kingdom
511864,22716,CARD CIRCUS PARADE,12,2010-06-11 10:23:00,0.42,15910.0,United Kingdom
515590,20960,WATERMELON BATH SPONGE,1,2010-07-13 13:17:00,1.25,16469.0,United Kingdom
526914,21446,12 RED ROSE PEG PLACE SETTINGS,5,2010-10-13 16:17:00,1.25,17338.0,United Kingdom
512917,20839,FRENCH PAISLEY CUSHION COVER ,6,2010-06-18 15:57:00,2.95,14962.0,United Kingdom
521987,37475,SET/4 COLOURFUL MIXING BOWLS,1,2010-09-10 10:36:00,9.95,17646.0,United Kingdom
509615,22557,PLASTERS IN TIN VINTAGE PAISLEY ,12,2010-05-25 09:34:00,1.65,12802.0,Netherlands
510137,22329,ROUND CONTAINER SET OF 5 RETROSPOT,2,2010-05-27 12:21:00,1.65,17068.0,United Kingdom
498047,84991,60 TEATIME FAIRY CAKE CASES,24,2010-02-16 10:45:00,0.55,13381.0,United Kingdom
534003,22585,PACK OF 6 BIRDY GIFT TAGS,1,2010-11-19 14:27:00,1.25,17589.0,United Kingdom
527136,84977,,5,2010-10-15 09:56:00,0.0,,United Kingdom
501440,21035,SET/2 RED SPOTTY TEA TOWELS ,2,2010-03-16 13:28:00,2.95,15311.0,United Kingdom
518218,22382,LUNCH BAG SPACEBOY DESIGN ,10,2010-08-05 12:33:00,1.65,16174.0,United Kingdom
509038,85099B,RED RETROSPOT JUMBO BAG ,20,2010-05-20 09:53:00,1.95,15410.0,United Kingdom
489672,21843,RETRO SPOT CAKE STAND,6,2009-12-02 09:21:00,10.95,14831.0,United Kingdom
518818,21881,CUTE CATS TAPE,1,2010-08-12 10:35:00,1.66,,United Kingdom
536782,22197,SMALL POPCORN HOLDER,12,2010-12-02 15:18:00,0.85,17567.0,United Kingdom
521692,21634,ASSORTED MINI MADRAS NOTEBOOK,24,2010-09-08 08:18:00,1.25,14911.0,EIRE
511450,22645,CERAMIC HEART FAIRY CAKE MONEY BANK,12,2010-06-08 12:36:00,1.45,16048.0,United Kingdom
514876,20749,ASSORTED COLOUR MINI CASES,12,2010-07-07 10:33:00,6.35,17511.0,United Kingdom
502337,84380,SET OF 3 BUTTERFLY COOKIE CUTTERS,2,2010-03-24 10:45:00,1.25,17377.0,United Kingdom
500730,21929,JUMBO BAG PINK VINTAGE PAISLEY,10,2010-03-09 16:02:00,1.95,15078.0,United Kingdom
534506,85174,S/4 CACTI CANDLES,4,2010-11-23 11:41:00,4.95,12849.0,United Kingdom
492098,82482,WOODEN PICTURE FRAME WHITE FINISH,12,2009-12-15 14:05:00,2.55,16749.0,United Kingdom
518519,90161D,ANT COPPER PINK BOUDICCA BRACELET,3,2010-08-09 15:33:00,4.95,17482.0,United Kingdom
502436,22315,200 RED + WHITE BENDY STRAWS,1,2010-03-24 13:08:00,1.25,16002.0,United Kingdom
507275,21756,BATH BUILDING BLOCK WORD,3,2010-05-07 12:56:00,5.95,13890.0,United Kingdom
534854,21907,I'M ON HOLIDAY METAL SIGN,1,2010-11-24 13:49:00,2.1,16065.0,United Kingdom
523821,22739,"RIBBON REEL, XMAS SOCK/BAUBLE",10,2010-09-24 11:55:00,1.65,15658.0,United Kingdom
514836,22355,CHARLOTTE BAG SUKI DESIGN,10,2010-07-06 14:38:00,0.85,14186.0,United Kingdom
509303,37491A,,11,2010-05-21 12:01:00,0.0,,United Kingdom
523149,85214,TUB 24 PINK FLOWER PEGS,1,2010-09-20 14:49:00,1.65,17585.0,United Kingdom
525030,20716,PARTY FOOD SHOPPER BAG,2,2010-10-03 12:18:00,1.25,15351.0,United Kingdom
499502,20731,POSY CANDY BAG,2,2010-02-28 15:01:00,1.25,14044.0,United Kingdom
519262,22326,ROUND SNACK BOXES SET OF4 WOODLAND ,6,2010-08-16 08:49:00,2.95,16186.0,United Kingdom
494471,22308,TEA COSY BLUE STRIPE,2,2010-01-14 14:48:00,2.55,13680.0,United Kingdom
530071,22580,ADVENT CALENDAR GINGHAM SACK,2,2010-11-01 12:08:00,5.95,15039.0,United Kingdom
496220,22413,METAL SIGN TAKE IT OR LEAVE IT ,6,2010-01-29 13:52:00,2.95,15421.0,United Kingdom
531816,16237,SLEEPING CAT ERASERS,120,2010-11-09 16:53:00,0.21,15027.0,United Kingdom
503185,17084N,FAIRY DREAMS INCENSE ,2,2010-03-30 14:29:00,0.43,,United Kingdom
517710,84997D,PINK 3 PIECE MINI DOTS CUTLERY SET,2,2010-08-01 11:15:00,3.75,15039.0,United Kingdom
528329,22469,HEART OF WICKER SMALL,2,2010-10-21 13:23:00,1.65,13891.0,United Kingdom
537141,22747,POPPY'S PLAYHOUSE BATHROOM,2,2010-12-05 12:57:00,2.1,15570.0,United Kingdom
C508406,22109,FULL ENGLISH BREAKFAST PLATE,-4,2010-05-14 15:50:00,3.75,13417.0,United Kingdom
520679,21755,LOVE BUILDING BLOCK WORD,6,2010-08-27 15:12:00,5.95,16539.0,United Kingdom
533102,22113,GREY HEART HOT WATER BOTTLE,1,2010-11-16 11:35:00,3.75,17897.0,United Kingdom
500535,22029,SPACEBOY BIRTHDAY CARD,24,2010-03-08 14:27:00,0.42,12472.0,Germany
502333,22342,HOME GARLAND PAINTED ZINC ,96,2010-03-24 10:42:00,1.45,16077.0,United Kingdom
516467,22635,CHILDS BREAKFAST SET DOLLY GIRL ,1,2010-07-20 14:59:00,9.95,,United Kingdom
502419,22059,CERAMIC STRWBERRY DESIGN MUG,2,2010-03-24 12:15:00,1.49,16300.0,United Kingdom
525564,21143,ANTIQUE GLASS HEART DECORATION ,12,2010-10-06 08:17:00,1.95,13055.0,United Kingdom
494666,21642,ASSORTED TUTTI FRUTTI PEN,24,2010-01-17 14:53:00,0.85,13869.0,United Kingdom
534383,21916,SET 12 RETRO WHITE CHALK STICKS,1,2010-11-22 12:53:00,0.42,14527.0,United Kingdom
494386,20762,GREEN FERN SKETCHBOOK ,2,2010-01-14 09:41:00,3.36,,United Kingdom
534030,84997B,RED 3 PIECE RETROSPOT CUTLERY SET,6,2010-11-19 15:13:00,3.75,12721.0,France
525064,37482P,CUBIC MUG PINK POLKADOT,12,2010-10-03 14:23:00,2.55,13032.0,United Kingdom
507649,22355,"CHARLOTTE BAG , SUKI DESIGN",1,2010-05-10 15:52:00,0.0,,United Kingdom
504581,20886,BOX OF 9 PEBBLE CANDLES,6,2010-04-15 08:35:00,1.95,16631.0,United Kingdom
532570,22844,VINTAGE CREAM DOG FOOD CONTAINER,2,2010-11-12 13:34:00,8.5,16241.0,United Kingdom
501828,85152,HAND OVER THE CHOCOLATE   SIGN ,4,2010-03-19 15:45:00,2.1,15218.0,United Kingdom
501578,21989,PACK OF 20 SKULL PAPER NAPKINS,96,2010-03-18 10:22:00,0.64,14258.0,United Kingdom
498443,22202,MILK PAN PINK RETROSPOT,1,2010-02-19 09:49:00,7.62,,United Kingdom
505173,21212,PACK OF 72 RETRO SPOT CAKE CASES,48,2010-04-20 12:58:00,0.55,12983.0,United Kingdom
509984,84596B,SMALL DOLLY MIX DESIGN ORANGE BOWL,8,2010-05-26 14:38:00,1.25,16458.0,United Kingdom
507281,22528,GARDENERS KNEELING PAD,24,2010-05-07 13:29:00,1.25,13089.0,United Kingdom
524014,22851,SET 20 NAPKINS FAIRY CAKES DESIGN ,12,2010-09-27 09:55:00,0.85,16592.0,United Kingdom
504469,22072,RED RETROSPOT TEA CUP AND SAUCER ,40,2010-04-14 08:43:00,3.39,15890.0,United Kingdom
536377,22633,HAND WARMER UNION JACK,6,2010-12-01 09:34:00,1.85,17850.0,United Kingdom
513858,22423,REGENCY CAKESTAND 3 TIER,2,2010-06-29 11:30:00,12.75,13299.0,United Kingdom
502765,21172,PARTY METAL SIGN ,2,2010-03-26 14:01:00,1.45,17371.0,United Kingdom
530346,22121,NOEL WOODEN BLOCK LETTERS ,2,2010-11-02 15:42:00,5.95,14733.0,United Kingdom
520833,20727,LUNCH BAG  BLACK SKULL.,1,2010-08-31 12:41:00,4.21,,United Kingdom
489837,21817,GLITTER CHRISTMAS TREE,10,2009-12-02 14:21:00,0.85,14396.0,United Kingdom
521166,20725,LUNCH BAG RED SPOTTY,3,2010-09-02 14:52:00,1.65,17238.0,United Kingdom
518900,20685,DOORMAT RED SPOT,50,2010-08-12 14:11:00,6.35,15061.0,United Kingdom
497315,85227,SET/6 3D KIT CARDS FOR KIDS,1,2010-02-08 14:26:00,0.85,,United Kingdom
531791,22589,CARDHOLDER GINGHAM STAR,6,2010-11-09 15:11:00,2.55,14841.0,United Kingdom
494378,21905,MORE BUTTER METAL SIGN ,1,2010-01-13 17:03:00,1.66,,United Kingdom
511209,21497,FANCY FONTS BIRTHDAY WRAP,25,2010-06-07 12:18:00,0.42,16719.0,United Kingdom
518142,72800C,4 PINK DINNER CANDLE SILVER FLOCK,1,2010-08-04 16:08:00,5.06,,United Kingdom
492226,84596J,MIXED NUTS LIGHT GREEN BOWL,1,2009-12-15 18:33:00,2.57,,United Kingdom
498780,22084,PAPER CHAIN KIT EMPIRE,1,2010-02-23 10:50:00,5.91,,United Kingdom
517043,20751,FUNKY WASHING UP GLOVES ASSORTED,12,2010-07-26 11:53:00,2.1,15615.0,United Kingdom
523659,22371,AIRLINE BAG VINTAGE TOKYO 78,1,2010-09-23 13:54:00,4.25,18096.0,United Kingdom
504100,20725,LUNCH BAG RED SPOTTY,10,2010-04-09 14:38:00,1.65,13802.0,United Kingdom
498238,22494,EMERGENCY FIRST AID TIN ,1,2010-02-17 14:35:00,1.25,15768.0,United Kingdom
515025,85152,HAND OVER THE CHOCOLATE   SIGN ,24,2010-07-08 10:07:00,2.1,15127.0,United Kingdom
515856,22607,damages,-70,2010-07-15 11:25:00,0.0,,United Kingdom
526564,84347,ROTATING SILVER ANGELS T-LIGHT HLDR,6,2010-10-12 11:39:00,2.55,16161.0,United Kingdom
498099,47591C,BLUE FAIRY CAKE CHILD'S APRON,10,2010-02-16 13:23:00,1.95,14466.0,United Kingdom
504593,22224,WHITE LOVEBIRD LANTERN,6,2010-04-15 10:43:00,2.95,13901.0,United Kingdom
531489,22945,CHRISTMAS METAL TAGS ASSORTED ,1,2010-11-08 15:02:00,11.02,,United Kingdom
529129,20969,RED FLORAL FELTCRAFT SHOULDER BAG,1,2010-10-26 14:37:00,3.75,14963.0,United Kingdom
517726,22335,HEART DECORATION PAINTED ZINC ,15,2010-08-01 13:12:00,0.65,15716.0,United Kingdom
527071,22839,"CAKE TIN, 3 TIER MINT/IVORY",1,2010-10-14 14:11:00,14.95,16912.0,United Kingdom
532056,22276,WASH BAG VINTAGE ROSE PAISLEY,12,2010-11-10 14:27:00,2.55,12739.0,United Arab Emirates
492782,DCGS0058,MISO PRETTY  GUM,1,2009-12-18 17:06:00,0.83,,United Kingdom
490990,20750, RED/WHITE DOT MINI CASES,1,2009-12-08 17:10:00,7.95,14606.0,United Kingdom
527474,84997C,BLUE 3 PIECE POLKADOT CUTLERY SET,3,2010-10-18 11:25:00,3.75,17220.0,United Kingdom
530312,22171,3 HOOK PHOTO SHELF ANTIQUE WHITE,2,2010-11-02 13:27:00,8.5,16016.0,United Kingdom
494891,21843,RETRO SPOT CAKE STAND,3,2010-01-19 13:23:00,10.95,12733.0,USA
530925,22386,JUMBO BAG PINK POLKADOT,10,2010-11-04 16:50:00,1.95,16861.0,United Kingdom
503823,21154,RED SPOTTY OVEN GLOVE ,2,2010-04-07 14:59:00,2.51,,United Kingdom
522464,84406B,CREAM CUPID HEARTS COAT HANGER,1,2010-09-14 17:50:00,6.77,,United Kingdom
533880,22112,CHOCOLATE HOT WATER BOTTLE,24,2010-11-19 11:40:00,4.25,18259.0,United Kingdom
493761,21930,JUMBO STORAGE BAG SKULLS,100,2010-01-06 14:54:00,1.65,14258.0,United Kingdom
506246,71477,COLOUR GLASS. STAR T-LIGHT HOLDER,24,2010-04-28 13:23:00,2.75,14194.0,United Kingdom
509929,84884A,ANT WHITE WIRE HEART SPIRAL,2,2010-05-26 12:32:00,3.95,14181.0,United Kingdom
531496,21135,VICTORIAN  METAL POSTCARD SPRING,24,2010-11-08 15:23:00,1.69,13738.0,United Kingdom
509207,85014B,RED/WHITE DOTS RUFFLED UMBRELLA,1,2010-05-21 09:40:00,12.72,,United Kingdom
491935,21391,FRENCH EMROIDR LAVENDER SCENT HEART,6,2009-12-14 15:38:00,2.1,16125.0,United Kingdom
532299,22551,PLASTERS IN TIN SPACEBOY,1,2010-11-11 13:53:00,1.65,17954.0,United Kingdom
533339,21479,WHITE SKULL HOT WATER BOTTLE ,4,2010-11-16 18:20:00,3.75,14206.0,United Kingdom
519228,22434,BALLOON PUMP WITH 10 BALLOONS,16,2010-08-15 12:40:00,1.95,12583.0,France
501474,21609,SET 12 LAVENDER  BOTANICAL T-LIGHTS,12,2010-03-16 16:45:00,2.95,17568.0,United Kingdom
498518,21731,RED TOADSTOOL LED NIGHT LIGHT,4,2010-02-19 12:48:00,1.65,15867.0,United Kingdom
508643,21917,SET 12 KIDS  WHITE CHALK STICKS,1,2010-05-17 15:30:00,0.81,,United Kingdom
503253,37447,CERAMIC CAKE DESIGN SPOTTED PLATE,1,2010-03-31 10:41:00,1.49,16085.0,United Kingdom
515165,84986B,SET OF 36 SILVER PAPER DOILIES,6,2010-07-08 16:08:00,1.45,13564.0,United Kingdom
538071,22753,SMALL YELLOW BABUSHKA NOTEBOOK ,2,2010-12-09 14:09:00,1.66,,United Kingdom
506394,22554,PLASTERS IN TIN WOODLAND ANIMALS,12,2010-04-29 13:20:00,1.65,12349.0,Italy
502756,85099F,JUMBO BAG STRAWBERRY,10,2010-03-26 13:42:00,1.95,13931.0,United Kingdom
496681,22494,EMERGENCY FIRST AID TIN ,1,2010-02-03 12:59:00,1.25,,United Kingdom
514514,22483,RED GINGHAM TEDDY BEAR ,2,2010-07-04 13:59:00,2.95,15976.0,United Kingdom
502728,84997C,BLUE 3 PIECE MINI DOTS CUTLERY SET,6,2010-03-26 11:37:00,3.75,18188.0,United Kingdom
537193,22574,HEART WOODEN CHRISTMAS DECORATION,24,2010-12-05 13:49:00,0.85,15023.0,United Kingdom
525008,21239,PINK  POLKADOT CUP,32,2010-10-03 10:50:00,0.85,12557.0,Spain
522043,20723,STRAWBERRY CHARLOTTE BAG,1,2010-09-10 13:27:00,1.66,,United Kingdom
504064,84520B,PACK 20 ENGLISH ROSE PAPER NAPKINS,1,2010-04-09 12:33:00,0.85,17289.0,United Kingdom
493375,21186,WHITE DOVE HONEYCOMB PAPER GARLAND,16,2009-12-23 12:07:00,1.65,15514.0,United Kingdom
503698,47556B,TEA TIME TEA TOWELS ,1,2010-04-06 13:30:00,2.95,15164.0,United Kingdom
493066,21731,RED TOADSTOOL LED NIGHT LIGHT,3,2009-12-21 17:14:00,1.65,,United Kingdom
517989,79000,MOROCCAN TEA GLASS,3,2010-08-03 15:29:00,1.69,,United Kingdom
494495,22210,WOOD STAMP SET BEST WISHES,1,2010-01-14 17:43:00,3.36,,United Kingdom
525882,22380,TOY TIDY SPACEBOY  ,2,2010-10-07 14:28:00,4.21,,United Kingdom
516467,84997D,PINK 3 PIECE MINI DOTS CUTLERY SET,1,2010-07-20 14:59:00,3.75,,United Kingdom
494891,22210,WOOD STAMP SET BEST WISHES,2,2010-01-19 13:23:00,1.65,12733.0,USA
515420,20969,RED FLORAL FELTCRAFT SHOULDER BAG,2,2010-07-12 13:15:00,3.75,17365.0,United Kingdom
490745,21541,DINOSAURS WATER TRANSFER TATTOOS ,6,2009-12-07 18:02:00,1.7,,United Kingdom
491644,79000,MOROCCAN TEA GLASS,12,2009-12-11 16:48:00,0.85,17860.0,United Kingdom
531352,84997C,BLUE 3 PIECE POLKADOT CUTLERY SET,2,2010-11-07 13:45:00,3.75,13137.0,United Kingdom
511204,21620,S/4 ROSE    BOTANICAL  CANDLE,1,2010-06-07 12:17:00,3.75,15471.0,United Kingdom
506604,46000M,POLYESTER FILLER PAD 45x45cm,24,2010-04-30 15:23:00,1.55,13317.0,United Kingdom
531803,84536A,ENGLISH ROSE NOTEBOOK A7 SIZE,5,2010-11-09 16:01:00,0.42,14077.0,United Kingdom
500702,20685,DOOR MAT RED SPOT,10,2010-03-09 13:29:00,6.35,16210.0,United Kingdom
522457,21528,DAIRY MAID TRADITIONAL TEAPOT ,2,2010-09-14 15:50:00,6.95,18136.0,United Kingdom
494795,21765,HANGING METAL BIRD BATH,1,2010-01-18 14:14:00,7.95,13110.0,United Kingdom
492303,84991,60 TEATIME FAIRY CAKE CASES,1,2009-12-16 11:57:00,1.3,,United Kingdom
492074,22029,SPACE BOY BIRTHDAY CARD,12,2009-12-15 13:12:00,0.42,12941.0,United Kingdom
532122,22834,HAND WARMER BABUSHKA DESIGN,12,2010-11-11 09:41:00,2.1,13590.0,United Kingdom
523659,22646,CERAMIC STRAWBERRY CAKE MONEY BANK,3,2010-09-23 13:54:00,1.45,18096.0,United Kingdom
522904,22867,HAND WARMER BIRD DESIGN,3,2010-09-17 12:45:00,2.1,17765.0,United Kingdom
534289,48185,DOORMAT FAIRY CAKE,1,2010-11-22 11:25:00,14.43,,United Kingdom
537334,22175,PINK OWL SOFT TOY,2,2010-12-06 12:06:00,2.95,16719.0,United Kingdom
536876,22174,PHOTO CUBE,5,2010-12-03 11:36:00,3.36,,United Kingdom
501306,21987,PACK OF 6 SKULL PAPER CUPS,2,2010-03-15 17:29:00,1.66,,United Kingdom
511087,84971S,SMALL HEART FLOWERS HOOK ,23,2010-06-06 15:01:00,0.85,17682.0,United Kingdom
524014,22578,WOODEN STAR CHRISTMAS SCANDINAVIAN,12,2010-09-27 09:55:00,0.85,16592.0,United Kingdom
499772,21984,PACK OF 12 PINK PAISLEY TISSUES ,2,2010-03-02 13:36:00,0.29,16960.0,United Kingdom
522467,85232B,SET OF 3 BABUSHKA STACKING TINS,6,2010-09-15 09:50:00,4.95,12539.0,Spain
529622,22595,CHRISTMAS GINGHAM HEART,12,2010-10-29 11:42:00,0.85,13815.0,Germany
519005,22265,EASTER DECORATION NATURAL CHICK,4,2010-08-12 19:18:00,0.65,16549.0,United Kingdom
C521998,22492,MINI PAINT SET VINTAGE ,-12,2010-09-10 11:07:00,0.65,12921.0,United Kingdom
526151,84029E,RED WOOLLY HOTTIE WHITE HEART.,1,2010-10-08 15:19:00,7.62,,United Kingdom
537126,20969,RED FLORAL FELTCRAFT SHOULDER BAG,1,2010-12-05 12:13:00,3.75,18118.0,United Kingdom
508150,47568,ENGLISH ROSE DESIGN PEG BAG,6,2010-05-13 11:41:00,2.1,16143.0,United Kingdom
511050,22382,LUNCH BAG SPACEBOY DESIGN ,1,2010-06-06 12:07:00,1.65,16782.0,United Kingdom
514728,21555,CERAMIC STRAWBERRY TRINKET TRAY,1,2010-07-06 09:51:00,5.06,,United Kingdom
494389,84978,HANGING HEART JAR T-LIGHT HOLDER,12,2010-01-14 10:01:00,1.25,13152.0,United Kingdom
513050,21204,DAISIES  HONEYCOMB GARLAND ,3,2010-06-21 13:18:00,1.65,14493.0,United Kingdom
531750,47566,PARTY BUNTING,2,2010-11-09 13:06:00,4.65,15325.0,United Kingdom
511779,22326,ROUND SNACK BOXES SET OF4 WOODLAND ,1,2010-06-10 12:39:00,2.95,17068.0,United Kingdom
491155,21159,MOODY BOY  DOOR HANGER ,1,2009-12-10 09:49:00,3.43,,United Kingdom
526911,21123,SET/10 IVORY POLKADOT PARTY CANDLES,48,2010-10-13 15:40:00,1.25,12681.0,France
511551,22381,TOY TIDY PINK RETROSPOT  ,5,2010-06-09 09:40:00,2.1,15173.0,United Kingdom
501440,21122,SET/10 PINK SPOTTY PARTY CANDLES,2,2010-03-16 13:28:00,1.25,15311.0,United Kingdom
513200,90164B,WHITE  ROSEBUD PEARL BRACELET,1,2010-06-22 16:28:00,7.64,,United Kingdom
527488,10133,COLOURING PENCILS BROWN TUBE,4,2010-10-18 11:47:00,0.85,16347.0,United Kingdom
519607,90002D,FLOWER BURST SILVER RING CRYSTAL,1,2010-08-18 16:21:00,3.75,14505.0,United Kingdom
520091,21870,I CAN ONLY PLEASE ONE PERSON MUG,12,2010-08-24 11:21:00,1.25,15628.0,United Kingdom
518570,20977,36 PENCILS TUBE WOODLAND,1,2010-08-10 11:49:00,2.51,,United Kingdom
499921,21872,GLAMOROUS  MUG,6,2010-03-03 12:21:00,1.25,14911.0,EIRE
532802,20754,RETROSPOT RED WASHING UP GLOVES,2,2010-11-14 14:56:00,2.1,17255.0,United Kingdom
512289,20727,LUNCH BAG  BLACK SKULL.,2,2010-06-14 14:49:00,4.21,,United Kingdom
536024,20931,BLUE POT PLANT CANDLE ,3,2010-11-29 16:13:00,3.75,17338.0,United Kingdom
536742,22465,HANGING METAL STAR LANTERN,12,2010-12-02 13:14:00,1.65,16916.0,United Kingdom
494144,90133,TEAL/FUSCHIA COL BEAD NECKLACE,1,2010-01-11 14:35:00,5.09,,United Kingdom
502768,22488,NATURAL SLATE RECTANGLE CHALKBOARD,2,2010-03-26 14:16:00,1.65,14994.0,United Kingdom
520744,22327,ROUND SNACK BOXES SET OF 4 SKULLS,18,2010-08-31 10:47:00,2.95,13178.0,United Kingdom
496978,84270,ASSTD DESIGN BUBBLE GUM RING,30,2010-02-05 09:53:00,0.21,15326.0,United Kingdom
507258,21212,PACK OF 72 RETRO SPOT CAKE CASES,24,2010-05-07 12:09:00,0.55,15382.0,United Kingdom
494495,21284,RETRO SPOT CANDLE  SMALL,3,2010-01-14 17:43:00,3.36,,United Kingdom
537204,22154,ANGEL DECORATION 3 BUTTONS ,12,2010-12-05 14:45:00,0.42,15555.0,United Kingdom
512766,22139,RETRO SPOT TEA SET CERAMIC 11 PC ,6,2010-06-17 16:20:00,4.95,13077.0,United Kingdom
526403,21992,VINTAGE PAISLEY STATIONERY SET,2,2010-10-11 13:49:00,2.51,,United Kingdom
533730,22043,CHRISTMAS CARD SCREEN PRINT ,12,2010-11-18 13:30:00,0.42,17884.0,United Kingdom
493073,22347,PIZZA SLICE DISH,1,2009-12-22 09:41:00,2.57,,United Kingdom
C490510,20973,12 PENCIL SMALL TUBE WOODLAND,-1,2009-12-06 14:37:00,0.65,13211.0,United Kingdom
525037,85048,15CM CHRISTMAS GLASS BALL 20 LIGHTS,12,2010-10-03 12:40:00,6.95,14911.0,EIRE
494016,84978,HANGING HEART JAR T-LIGHT HOLDER,2,2010-01-11 09:35:00,2.57,,United Kingdom
517330,22710,WRAP I LOVE LONDON ,25,2010-07-28 12:58:00,0.42,17314.0,United Kingdom
519817,20676,RED SPOTTY BOWL,8,2010-08-20 13:41:00,1.25,14243.0,United Kingdom
492784,35599B,BLACK CHRISTMAS TREE 120CM,2,2009-12-18 17:24:00,8.49,17841.0,United Kingdom
531546,20717,STRAWBERRY SHOPPER BAG,20,2010-11-09 08:51:00,1.25,,United Kingdom
529727,22183,CAKE STAND VICTORIAN FILIGREE MED,1,2010-10-29 14:12:00,5.91,,United Kingdom
502886,20685,DOOR MAT RED SPOT,2,2010-03-29 11:16:00,7.49,16456.0,United Kingdom
497958,20674,GREEN SPOTTY BOWL,8,2010-02-15 13:20:00,1.25,14680.0,United Kingdom
530060,85231G,ORANGE SCENTED SET/9 T-LIGHTS,1,2010-11-01 11:35:00,1.66,,United Kingdom
536381,84832,ZINC WILLIE WINKIE  CANDLE STICK,1,2010-12-01 09:41:00,0.85,15311.0,United Kingdom
500322,90201B,BLACK ENAMEL FLOWER RING,1,2010-03-07 12:06:00,2.95,16798.0,United Kingdom
525892,22577,WOODEN HEART CHRISTMAS SCANDINAVIAN,1,2010-10-07 15:09:00,0.85,16411.0,United Kingdom
527414,84970S,HANGING HEART ZINC T-LIGHT HOLDER,12,2010-10-17 15:16:00,0.85,15506.0,United Kingdom
526288,22556,PLASTERS IN TIN CIRCUS PARADE ,12,2010-10-11 11:53:00,1.65,13919.0,Denmark
531690,48185,DOORMAT FAIRY CAKE,12,2010-11-09 11:49:00,16.98,,United Kingdom
500164,17109B,,-205,2010-03-05 09:04:00,0.0,,United Kingdom
532107,22632,HAND WARMER RED RETROSPOT,48,2010-11-10 16:31:00,2.1,17293.0,United Kingdom
521765,22333,RETRO SPOT PARTY BAG + STICKER SET,8,2010-09-08 11:54:00,1.65,12471.0,Germany
499387,85152,HAND OVER THE CHOCOLATE   SIGN ,12,2010-02-26 12:41:00,2.1,14680.0,United Kingdom
496551,21437,24 HANGING EASTER EGGS FLORAL TUB,1,2010-02-02 13:13:00,3.75,13975.0,United Kingdom
525040,85066,CREAM SWEETHEART MINI CHEST,4,2010-10-03 12:52:00,12.75,15859.0,United Kingdom
498964,85040B,SET/4 BLUE FLOWER CANDLES IN BOWL,2,2010-02-24 11:28:00,1.65,15984.0,United Kingdom
537781,22563,HAPPY STENCIL CRAFT,1,2010-12-08 12:46:00,1.25,17341.0,United Kingdom
494387,84596E,SMALL LICORICE DES PINK BOWL,1,2010-01-14 09:46:00,1.66,,United Kingdom
503343,85152,HAND OVER THE CHOCOLATE   SIGN ,6,2010-03-31 13:10:00,2.1,15796.0,United Kingdom
522138,48111,DOORMAT 3 SMILEY CATS,1,2010-09-13 10:30:00,14.43,,United Kingdom
510173,21137,BLACK RECORD COVER FRAME,8,2010-05-27 14:40:00,3.75,18257.0,United Kingdom
491155,22079,RIBBON REEL HEARTS DESIGN ,2,2009-12-10 09:49:00,3.43,,United Kingdom
523911,21212,PACK OF 72 RETROSPOT CAKE CASES,1,2010-09-24 16:06:00,1.28,,United Kingdom
494144,82553,POP'S GREASY SPOON METAL SIGN,1,2010-01-11 14:35:00,3.36,,United Kingdom
501304,21770,OPEN CLOSED METAL SIGN,1,2010-03-15 17:14:00,4.95,17231.0,United Kingdom
537534,22359,GLASS JAR KINGS CHOICE,1,2010-12-07 11:48:00,0.0,,United Kingdom
498584,85169D,PINK LOVE BIRD CANDLE,2,2010-02-21 15:06:00,1.25,16200.0,United Kingdom
531776,21914,BLUE HARMONICA IN BOX ,12,2010-11-09 14:42:00,1.25,14911.0,EIRE
506699,22528,GARDENERS KNEELING PAD,12,2010-05-02 13:42:00,1.25,14040.0,United Kingdom
504145,47581B,FAIRY CAKE WICKER PICNIC BASKET ,1,2010-04-11 13:09:00,12.75,13786.0,United Kingdom
496594,85123A,WHITE HANGING HEART T-LIGHT HOLDER,32,2010-02-02 15:36:00,2.55,,EIRE
491597,44230,SQUARE MIRROR CURTAIN,24,2009-12-11 13:18:00,6.36,,United Kingdom
504867,22456,NATURAL SLATE CHALKBOARD LARGE ,6,2010-04-18 12:31:00,4.95,13408.0,United Kingdom
525566,22411,JUMBO SHOPPER VINTAGE RED PAISLEY,10,2010-10-06 09:37:00,1.95,13033.0,United Kingdom
522974,22093,MOTORING TISSUE BOX,1,2010-09-19 13:37:00,1.25,17582.0,United Kingdom
532139,22625,RED KITCHEN SCALES,1,2010-11-11 11:18:00,16.98,,United Kingdom
524437,22906,12 MESSAGE CARDS WITH ENVELOPES,60,2010-09-29 10:57:00,1.45,17511.0,United Kingdom
507881,22610,PENS ASSORTED FUNNY FACE,3,2010-05-11 15:08:00,1.66,,United Kingdom
505741,48195,DOOR MAT GREEN PAISLEY ,1,2010-04-25 15:56:00,7.49,16984.0,United Kingdom
511123,22150,3 STRIPEY MICE FELTCRAFT,6,2010-06-07 10:56:00,1.95,17673.0,United Kingdom
509100,21086,SET/6 RED SPOTTY PAPER CUPS,4,2010-05-20 11:49:00,0.65,17841.0,United Kingdom
496871,20862,PINK PATCH PENCIL CASE BLUE HEART,4,2010-02-04 13:18:00,2.1,16383.0,United Kingdom
520414,21035,SET/2 RED SPOTTY TEA TOWELS ,1,2010-08-26 09:41:00,5.91,,United Kingdom
529504,22222,CAKE PLATE LOVEBIRD WHITE,1,2010-10-28 14:19:00,10.17,,United Kingdom
502763,22047,EMPIRE GIFT WRAP,25,2010-03-26 13:57:00,0.42,17966.0,United Kingdom
501854,35001W,HAND OPEN SHAPE DECO.WHITE,1,2010-03-21 11:15:00,3.49,15446.0,United Kingdom
509454,84978,HANGING HEART JAR T-LIGHT HOLDER,12,2010-05-24 10:02:00,1.25,12921.0,United Kingdom
504896,21937,STRAWBERRY   PICNIC BAG,3,2010-04-18 14:25:00,2.95,17041.0,United Kingdom
530087,20829,GLITTER HANGING BUTTERFLY STRING,8,2010-11-01 13:33:00,2.1,16732.0,United Kingdom
534750,21934,SKULL SHOULDER BAG,1,2010-11-24 09:54:00,4.21,,United Kingdom
527023,21121,SET/10 RED POLKADOT PARTY CANDLES,24,2010-10-14 11:54:00,1.25,12589.0,France
506577,21175,GIN + TONIC DIET METAL SIGN,1,2010-04-30 13:45:00,4.21,,United Kingdom
504831,84327A,PINK JUMPER LARRY THE LAMB,1,2010-04-16 13:35:00,2.1,17913.0,United Kingdom
511855,48138,DOOR MAT UNION FLAG,4,2010-06-11 08:25:00,7.49,12681.0,France
532150,20984,12 PENCILS TALL TUBE POSY,2,2010-11-11 12:06:00,0.85,16395.0,United Kingdom
501906,22300,COFFEE MUG DOG + BALL DESIGN,1,2010-03-21 16:02:00,2.55,17340.0,United Kingdom
489802,84006,MAGIC TREE -PAPER FLOWERS,1,2009-12-02 12:32:00,0.85,15581.0,United Kingdom
523664,20674,GREEN POLKADOT BOWL,4,2010-09-23 14:15:00,1.25,15005.0,United Kingdom
531746,22575,METAL MERRY CHRISTMAS WREATH,1,2010-11-09 13:00:00,1.95,14527.0,United Kingdom
535348,22469,HEART OF WICKER SMALL,10,2010-11-25 16:46:00,1.65,15051.0,United Kingdom
514613,22521,CHILDS GARDEN TROWEL PINK,24,2010-07-05 12:25:00,0.85,18172.0,United Kingdom
504831,M,Manual,10,2010-04-16 13:35:00,0.42,17913.0,United Kingdom
535677,22601,CHRISTMAS RETROSPOT ANGEL WOOD,6,2010-11-28 12:15:00,0.85,14546.0,United Kingdom
522644,22584,PACK OF 6 PANNETONE GIFT BOXES,1,2010-09-16 10:43:00,2.55,15723.0,United Kingdom
494213,22353,LUNCHBOX WITH CUTLERY FAIRY CAKES ,2,2010-01-12 11:40:00,2.55,17945.0,United Kingdom
534779,84375,SET OF 20 KIDS COOKIE CUTTERS,1,2010-11-24 11:13:00,2.1,12970.0,United Kingdom
512540,21671,RED SPOT CERAMIC DRAWER KNOB,24,2010-06-16 12:54:00,1.25,12540.0,Spain
499239,21613,S/12 VANILLA  BOTANICAL T-LIGHTS,3,2010-02-25 13:23:00,2.95,17200.0,United Kingdom
499994,21437,24 HANGING EASTER EGGS FLORAL TUB,1,2010-03-03 16:51:00,3.75,15875.0,United Kingdom
528257,21977,PACK OF 60 PINK PAISLEY CAKE CASES,3,2010-10-21 11:48:00,0.55,14688.0,United Kingdom
525200,22068,BLACK PIRATE TREASURE CHEST,2,2010-10-04 12:36:00,1.65,16444.0,United Kingdom
505378,22478,BIRDHOUSE GARDEN MARKER ,10,2010-04-22 08:03:00,1.25,15095.0,United Kingdom
509598,21541,DINOSAURS WATER TRANSFER TATTOOS ,18,2010-05-24 15:36:00,0.85,17205.0,United Kingdom
534168,21975,PACK OF 60 DINOSAUR CAKE CASES,8,2010-11-21 13:23:00,0.55,16367.0,United Kingdom
494782,84865,NEW BAROQUE BLACK PHOTO ALBUM,1,2010-01-18 13:15:00,16.98,,United Kingdom
496446,21291,SMALL SPOTTY CHOCOLATE GIFT BAG ,16,2010-02-01 14:02:00,0.85,17211.0,United Kingdom
489537,48184,DOOR MAT ENGLISH ROSE ,2,2009-12-01 12:14:00,6.75,14040.0,United Kingdom
526657,21034,REX CASH+CARRY JUMBO SHOPPER,1,2010-10-12 14:52:00,0.95,16263.0,United Kingdom
537868,22956,36 FOIL HEART CAKE CASES,12,2010-12-08 16:49:00,2.1,12433.0,Norway
529325,21942,SKULLS DESIGN FLANNEL,1,2010-10-27 14:10:00,1.66,,United Kingdom
517401,21231,SWEETHEART CERAMIC TRINKET BOX,3,2010-07-29 10:26:00,2.51,,United Kingdom
502337,21333,CLASSIC WHITE FRAME,1,2010-03-24 10:45:00,2.95,17377.0,United Kingdom
491833,84558A,3D DOG PICTURE PLAYING CARDS,1,2009-12-14 14:35:00,2.95,12926.0,United Kingdom
501906,84832,ZINC WILLIE WINKIE  CANDLE STICK,28,2010-03-21 16:02:00,0.85,17340.0,United Kingdom
535310,21741,COSY SLIPPER SHOES LARGE GREEN,1,2010-11-25 14:47:00,2.95,17920.0,United Kingdom
535131,82482,WOODEN PICTURE FRAME WHITE FINISH,6,2010-11-25 11:38:00,2.55,14733.0,United Kingdom
528909,21122,SET/10 PINK POLKADOT PARTY CANDLES,1,2010-10-25 13:30:00,1.25,14515.0,United Kingdom
490302,21172,PARTY METAL SIGN ,1,2009-12-04 14:29:00,1.45,17841.0,United Kingdom
518218,22384,LUNCH BAG PINK RETROSPOT,30,2010-08-05 12:33:00,1.65,16174.0,United Kingdom
500857,21181,PLEASE ONE PERSON METAL SIGN,4,2010-03-10 12:23:00,2.1,15911.0,United Kingdom
531350,20978,36 PENCILS TUBE SKULLS,16,2010-11-07 13:31:00,1.25,12748.0,United Kingdom
498549,21907,I'M ON HOLIDAY METAL SIGN,2,2010-02-19 18:04:00,4.21,,United Kingdom
491096,21912,VINTAGE SNAKES & LADDERS,6,2009-12-09 13:53:00,3.75,13983.0,United Kingdom
492414,85226A,WHITE/BLUE PULL BACK RACING CAR,1,2009-12-16 17:01:00,1.7,,United Kingdom
534289,22665,RECIPE BOX BLUE SKETCHBOOK DESIGN,2,2010-11-22 11:25:00,5.91,,United Kingdom
535834,22190,LOCAL CAFE MUG,6,2010-11-29 09:44:00,2.1,17722.0,United Kingdom
510449,84946,ANTIQUE SILVER TEA GLASS ETCHED,12,2010-06-01 09:42:00,1.25,15938.0,United Kingdom
522909,22244,3 HOOK HANGER MAGIC GARDEN,12,2010-09-17 13:30:00,1.95,18075.0,United Kingdom
501791,85093,CANDY SPOT EGG WARMER HARE,24,2010-03-19 13:19:00,1.25,17230.0,United Kingdom
503933,21900,"KEY FOB , SHED",24,2010-04-08 13:54:00,0.65,18065.0,United Kingdom
500372,21007,ETCHED GLASS DROPLET DECORATION,48,2010-03-08 08:56:00,0.38,17298.0,United Kingdom
501186,47562,ENGLISH ROSE IRONING BOARD COVER,2,2010-03-15 12:07:00,3.75,14527.0,United Kingdom
495535,21430,SET/3 RED GINGHAM ROSE STORAGE BOX,1,2010-01-25 15:36:00,7.62,,United Kingdom
522944,10120,DOGGY RUBBER,6,2010-09-17 16:03:00,0.21,15867.0,United Kingdom
503157,22554,PLASTERS IN TIN WOODLAND ANIMALS,1,2010-03-30 12:40:00,1.65,15719.0,United Kingdom
535806,22598,CHRISTMAS MUSICAL ZINC TREE,12,2010-11-28 15:06:00,0.85,18260.0,United Kingdom
501921,22079,RIBBON REEL HEARTS DESIGN ,10,2010-03-22 10:25:00,1.65,16132.0,United Kingdom
492535,48188,DOOR MAT WELCOME PUPPIES,2,2009-12-17 13:09:00,6.75,13577.0,United Kingdom
533137,21592,RETROSPOT CIGAR BOX MATCHES ,1,2010-11-16 12:58:00,1.25,17203.0,United Kingdom
528892,22111,SCOTTIE DOG HOT WATER BOTTLE,3,2010-10-25 12:42:00,4.95,13050.0,United Kingdom
510230,22540,MINI JIGSAW CIRCUS PARADE ,48,2010-05-28 09:36:00,0.42,17311.0,United Kingdom
C490807,20670,VIP HOLIDAY PURSE,-6,2009-12-08 12:25:00,2.95,13091.0,United Kingdom
531205,22730,ALARM CLOCK BAKELIKE IVORY,12,2010-11-05 15:32:00,3.75,12621.0,Germany
505791,84978,HANGING HEART JAR T-LIGHT HOLDER,6,2010-04-26 11:07:00,1.25,16335.0,United Kingdom
520212,22637,PIGGY BANK RETROSPOT ,4,2010-08-24 17:21:00,2.55,16033.0,United Kingdom
500690,81985A,,-10,2010-03-09 12:35:00,0.0,,United Kingdom
504150,22466,FAIRY TALE COTTAGE NIGHTLIGHT,12,2010-04-11 13:39:00,1.95,16700.0,United Kingdom
527050,22585,PACK OF 6 BIRDY GIFT TAGS,12,2010-10-14 12:54:00,1.25,17717.0,United Kingdom
489550,85231G,ORANGE SCENTED SET/9 T-LIGHTS,12,2009-12-01 12:33:00,0.85,14156.0,EIRE
502586,21592,RETRO SPOT  CIGAR BOX MATCHES ,24,2010-03-25 12:41:00,1.25,17001.0,United Kingdom
536833,85123A,WHITE HANGING HEART T-LIGHT HOLDER,6,2010-12-02 17:48:00,2.95,18239.0,United Kingdom
533095,22530,MAGIC DRAWING SLATE DOLLY GIRL ,48,2010-11-16 10:42:00,0.42,12748.0,United Kingdom
524098,22613,PACK OF 20 SPACEBOY NAPKINS,12,2010-09-27 12:21:00,0.85,17204.0,United Kingdom
C525275,TEST001,This is a test product.,-2,2010-10-04 16:38:00,4.5,16446.0,United Kingdom
515609,72807A,SET/3 ROSE CANDLE IN JEWELLED BOX,1,2010-07-13 15:44:00,8.47,,United Kingdom
513665,20981,12 PENCILS TALL TUBE WOODLAND,6,2010-06-28 11:11:00,0.85,17437.0,United Kingdom
512608,22485,SET OF 2 WOODEN MARKET CRATES,2,2010-06-17 09:56:00,12.75,13488.0,United Kingdom
533964,22807,SET OF 6 T-LIGHTS TOADSTOOLS,1,2010-11-19 13:05:00,5.91,,United Kingdom
527087,22029,SPACEBOY BIRTHDAY CARD,24,2010-10-14 15:49:00,0.42,14291.0,United Kingdom
526412,90087,CRYSTAL SEA HORSE PHONE CHARM,12,2010-10-11 14:15:00,0.85,13959.0,United Kingdom
534470,22335,HEART DECORATION PAINTED ZINC ,5,2010-11-23 10:22:00,0.65,18006.0,United Kingdom
525698,21035,SET/2 RED SPOTTY TEA TOWELS ,6,2010-10-06 12:36:00,2.95,12668.0,Germany
530070,21033,JUMBO BAG CHARLIE AND LOLA TOYS,2,2010-11-01 11:59:00,2.95,16876.0,United Kingdom
522141,21161,KEEP OUT BOYS DOOR HANGER ,1,2010-09-13 10:32:00,3.36,,United Kingdom
529215,21349,IVY HEART WREATH,2,2010-10-27 10:42:00,6.75,12591.0,Italy
512532,22489,PACK OF 12 TRADITIONAL CRAYONS,48,2010-06-16 12:01:00,0.42,16253.0,United Kingdom
501369,84218,BOX/12 CHICK & EGG IN BASKET,2,2010-03-16 10:58:00,1.95,17243.0,United Kingdom
529315,22938,CUPCAKE LACE PAPER SET 6,48,2010-10-27 13:29:00,1.65,14911.0,EIRE
494533,48187,DOOR MAT NEW ENGLAND,2,2010-01-15 10:47:00,6.75,18065.0,United Kingdom
531820,48194,DOORMAT HEARTS,2,2010-11-09 17:14:00,7.95,17374.0,United Kingdom
C517468,22342,HOME GARLAND PAINTED ZINC ,-12,2010-07-29 11:48:00,1.65,16176.0,United Kingdom
521486,21716,BOYS VINTAGE TIN SEASIDE BUCKET,1,2010-09-06 13:36:00,5.06,,United Kingdom
504119,21732,RED HANGING METAL STAR TLIGHT HLDR,3,2010-04-09 16:54:00,3.75,17609.0,United Kingdom
519560,21189,WHITE HONEYCOMB PAPER GARLAND ,1,2010-08-18 11:34:00,3.36,,United Kingdom
530612,21098,CHRISTMAS TOILET ROLL,1,2010-11-03 15:45:00,1.25,16712.0,United Kingdom
532152,22379,RECYCLING BAG RETROSPOT ,1,2010-11-11 12:13:00,2.1,16395.0,United Kingdom
532969,21896,POTTING SHED TWINE,1,2010-11-15 13:04:00,2.1,17992.0,United Kingdom
491971,21111,"SWISS ROLL TOWEL, CHOCOLATE  SPOTS",3,2009-12-14 18:37:00,6.04,,United Kingdom
500461,85189,HANGING BUTTERFLY  EGG,1,2010-03-08 12:35:00,1.66,,United Kingdom
525564,20724,RED SPOTTY CHARLOTTE BAG,10,2010-10-06 08:17:00,0.85,13055.0,United Kingdom
535760,22738,RIBBON REEL SNOWY VILLAGE,5,2010-11-28 13:26:00,1.65,14454.0,United Kingdom
509026,21621,VINTAGE UNION JACK BUNTING,6,2010-05-19 14:51:00,8.5,16103.0,United Kingdom
537823,22029,SPACEBOY BIRTHDAY CARD,1,2010-12-08 14:25:00,0.85,,United Kingdom
529332,20978,36 PENCILS TUBE SKULLS,16,2010-10-27 15:01:00,1.25,17478.0,United Kingdom
517124,22030,SWALLOWS GREETING CARD,12,2010-07-27 09:38:00,0.42,12801.0,Sweden
514852,22174,PHOTO CUBE,6,2010-07-06 16:36:00,1.65,16229.0,United Kingdom
503956,22210,WOOD STAMP SET BEST WISHES,2,2010-04-08 16:45:00,1.65,13443.0,United Kingdom
532649,35400,WOODEN BOX ADVENT CALENDAR ,2,2010-11-14 10:21:00,8.95,16444.0,United Kingdom
530299,82580,BATHROOM METAL SIGN,3,2010-11-02 12:48:00,0.55,14449.0,United Kingdom
508050,21130,COLOURFUL STANDING GNOME,6,2010-05-12 12:52:00,3.45,14062.0,United Kingdom
534652,22556,PLASTERS IN TIN CIRCUS PARADE ,2,2010-11-23 13:26:00,1.65,14170.0,United Kingdom
501669,21587,COSY HOUR GIANT TUBE MATCHES,12,2010-03-18 14:40:00,2.55,17512.0,United Kingdom
500331,47599B,BLUE PARTY BAGS ,4,2010-03-07 13:08:00,2.1,13764.0,United Kingdom
521972,22383,LUNCH BAG SUKI  DESIGN ,10,2010-09-09 19:36:00,1.65,13875.0,United Kingdom
528053,21977,PACK OF 60 PINK PAISLEY CAKE CASES,24,2010-10-20 11:42:00,0.55,18066.0,United Kingdom
535037,22586,FELTCRAFT HAIRBAND PINK AND BLUE,12,2010-11-24 16:41:00,0.85,13654.0,United Kingdom
517275,22630,DOLLY GIRL LUNCH BOX,12,2010-07-28 10:21:00,1.95,15228.0,United Kingdom
503772,20681,PINK SPOTTY CHILDS UMBRELLA,6,2010-04-07 10:59:00,3.25,13632.0,United Kingdom
512733,47568,ENGLISH ROSE DESIGN PEG BAG,1,2010-06-17 13:48:00,4.21,,United Kingdom
498764,85017C,ENVELOPE 50 CURIOUS IMAGES,1,2010-02-22 17:21:00,0.85,14081.0,United Kingdom
491570,21535,RETRO SPOT SMALL MILK JUG,6,2009-12-11 12:51:00,2.55,13418.0,United Kingdom
532663,84078A,SET/4 WHITE RETRO STORAGE CUBES ,2,2010-11-14 11:32:00,39.95,14936.0,Channel Islands
523127,85049G,CHOCOLATE BOX RIBBONS ,2,2010-09-20 13:41:00,1.25,17259.0,United Kingdom
521219,22423,REGENCY CAKESTAND 3 TIER,16,2010-09-03 10:13:00,10.95,13089.0,United Kingdom
491969,84569C,PACK 4 FLOWER/BUTTERFLY PATCHES,1,2009-12-14 17:57:00,2.57,,United Kingdom
532810,21163,DO NOT TOUCH MY STUFF DOOR HANGER ,1,2010-11-14 15:23:00,1.45,17545.0,United Kingdom
525974,22467,GUMBALL COAT RACK,6,2010-10-08 10:23:00,2.55,14769.0,United Kingdom
536632,22111,SCOTTIE DOG HOT WATER BOTTLE,3,2010-12-02 11:02:00,4.95,14388.0,United Kingdom
530665,85048,15CM CHRISTMAS GLASS BALL 20 LIGHTS,4,2010-11-04 10:49:00,7.95,14047.0,United Kingdom
521795,21624,VINTAGE UNION JACK DOORSTOP,1,2010-09-08 13:57:00,11.87,,United Kingdom
499980,35916C,PINK FELT HANGING HEART W FLOWER,1,2010-03-03 15:28:00,1.66,,United Kingdom
C514602,21203,BUTTERFLIES  HONEYCOMB GARLAND,-1,2010-07-05 12:19:00,1.65,12755.0,Japan
508487,21485,RED SPOT HEART HOT WATER BOTTLE,1,2010-05-16 13:10:00,4.95,18039.0,United Kingdom
494652,21241,GREEN SPOTTY CUP,8,2010-01-17 12:40:00,0.85,14527.0,United Kingdom
501141,22122,SET OF 2 FANCY FONT TEA TOWELS,3,2010-03-14 12:18:00,2.95,16255.0,United Kingdom
532056,22184,CAKE STAND VICTORIAN FILIGREE LARGE,4,2010-11-10 14:27:00,8.5,12739.0,United Arab Emirates
514665,82600,NO SINGING METAL SIGN,1,2010-07-05 13:04:00,2.1,16110.0,United Kingdom
526940,85049E,SCANDINAVIAN REDS RIBBONS,1,2010-10-14 10:16:00,1.25,18041.0,United Kingdom
490074,47504J,ENGLISH ROSE SET/3 GARDEN TOOLS,1,2009-12-03 14:39:00,21.7,,United Kingdom
525105,22465,HANGING METAL STAR LANTERN,12,2010-10-04 10:38:00,1.65,13441.0,United Kingdom
489444,POST,POSTAGE,1,2009-12-01 09:55:00,141.0,12636.0,USA
533103,22198,LARGE POPCORN HOLDER ,1,2010-11-16 11:36:00,1.65,17968.0,United Kingdom
500162,84987,SET OF 36 TEATIME PAPER DOILIES,12,2010-03-05 08:01:00,1.45,17718.0,United Kingdom
515828,84692,BOX OF 24 COCKTAIL PARASOLS,2,2010-07-15 11:08:00,0.42,15910.0,United Kingdom
531782,22816,CARD MOTORBIKE SANTA,24,2010-11-09 14:48:00,0.42,16021.0,United Kingdom
515344,21519,GIN & TONIC DIET GREETING CARD ,12,2010-07-12 10:07:00,0.42,14911.0,EIRE
491675,84712B,PINK JEWELLED PHOTO FRAME,3,2009-12-13 12:04:00,7.95,16710.0,United Kingdom
536876,21981,PACK OF 12 WOODLAND TISSUES ,3,2010-12-03 11:36:00,0.85,,United Kingdom
492387,48116,DOOR MAT MULTICOLOUR STRIPE,2,2009-12-16 15:13:00,6.75,15044.0,United Kingdom
532817,22791,T-LIGHT GLASS FLUTED ANTIQUE,12,2010-11-14 16:16:00,1.25,14493.0,United Kingdom
534656,21171,BATHROOM METAL SIGN ,3,2010-11-23 13:36:00,1.45,13869.0,United Kingdom
494480,85180A,RED HEARTS LIGHT CHAIN ,2,2010-01-14 16:16:00,4.65,15768.0,United Kingdom
531256,22585,PACK OF 6 BIRDY GIFT TAGS,12,2010-11-07 11:20:00,1.25,18245.0,United Kingdom
536804,22423,REGENCY CAKESTAND 3 TIER,16,2010-12-02 16:34:00,10.95,14031.0,United Kingdom
490805,22112,CHOCOLATE HOT WATER BOTTLE,6,2009-12-08 12:12:00,4.95,14861.0,United Kingdom
510426,21713,CITRONELLA CANDLE FLOWERPOT,48,2010-05-30 12:39:00,0.85,16011.0,United Kingdom
518507,22493,PAINT YOUR OWN CANVAS SET,12,2010-08-09 13:28:00,1.65,13196.0,United Kingdom
495293,20685,RED SPOTTY COIR DOORMAT,2,2010-01-22 13:09:00,6.75,16125.0,United Kingdom
496512,90116,FRUIT SALAD BAG CHARM,1,2010-02-02 11:40:00,1.69,16300.0,United Kingdom
538071,84952A,CLEAR LOVE BIRD T-LIGHT HOLDER,1,2010-12-09 14:09:00,7.62,,United Kingdom
489594,21875,KINGS CHOICE MUG,2,2009-12-01 14:19:00,1.25,15005.0,United Kingdom
489856,21866,UNION JACK FLAG LUGGAGE TAG,1,2009-12-02 14:36:00,2.57,,United Kingdom
529363,22366,DOORMAT AIRMAIL ,1,2010-10-28 09:57:00,14.43,,United Kingdom
512068,82551,LAUNDRY 15C METAL SIGN,4,2010-06-13 11:22:00,1.25,13561.0,United Kingdom
530612,84947,ANTIQUE SILVER TEA GLASS ENGRAVED,18,2010-11-03 15:45:00,1.25,16712.0,United Kingdom
506709,84879,ASSORTED COLOUR BIRD ORNAMENT,4,2010-05-02 15:10:00,1.69,15426.0,United Kingdom
494918,84877D,BLUE ROUND COMPACT MIRROR,1,2010-01-19 17:49:00,3.36,,United Kingdom
501093,48194,DOOR MAT HEARTS,4,2010-03-12 12:34:00,7.49,17588.0,United Kingdom
511021,22135,LADLE LOVE HEART PINK,1,2010-06-04 16:13:00,0.85,,United Kingdom
530339,22487,WHITE WOOD GARDEN PLANT LADDER,1,2010-11-02 14:55:00,9.95,13523.0,United Kingdom
511522,21068,VINTAGE BILLBOARD LOVE/HATE MUG,2,2010-06-08 16:47:00,1.25,16072.0,United Kingdom
527043,22198,LARGE POPCORN HOLDER ,3,2010-10-14 12:32:00,1.65,18090.0,United Kingdom
505809,21547,CERAMIC BIRDHOUSE CRESTED TIT SMALL,2,2010-04-26 11:17:00,2.95,14665.0,United Kingdom
496611,20990,SPRING FLOWER CHOPSTICKS SET/5,12,2010-02-02 18:01:00,1.95,16067.0,United Kingdom
522331,21504,SKULLS GREETING CARD,12,2010-09-14 09:05:00,0.42,15639.0,United Kingdom
535381,82482,WOODEN PICTURE FRAME WHITE FINISH,4,2010-11-25 19:16:00,2.55,14713.0,United Kingdom
512040,21217,RED SPOTTY ROUND CAKE TINS,1,2010-06-11 16:22:00,9.95,13050.0,United Kingdom
524326,22867,HAND WARMER BIRD DESIGN,12,2010-09-28 14:59:00,2.1,16992.0,United Kingdom
521365,20724,RED SPOTTY CHARLOTTE BAG,20,2010-09-05 10:44:00,0.85,14911.0,EIRE
535465,21576,LETS GO SHOPPING COTTON TOTE BAG,1,2010-11-26 13:22:00,2.25,16254.0,United Kingdom
498517,21186,WHITE DOVE HONEYCOMB PAPER GARLAND,4,2010-02-19 12:34:00,1.65,15808.0,United Kingdom
518064,21137,BLACK RECORD COVER FRAME,3,2010-08-04 12:39:00,3.75,17841.0,United Kingdom
500918,22318,FIVE HEART HANGING DECORATION,2,2010-03-11 10:30:00,5.91,,United Kingdom
513338,20725,LUNCH BAG RED SPOTTY,40,2010-06-24 09:58:00,1.65,13093.0,United Kingdom
510119,85099F,JUMBO BAG STRAWBERRY,2,2010-05-27 12:03:00,1.95,15719.0,United Kingdom
535952,15056p,EDWARDIAN PARASOL PINK,1,2010-11-29 12:06:00,12.72,,United Kingdom
518662,21213,PACK OF 72 SKULL CAKE CASES,1,2010-08-10 14:08:00,1.28,,United Kingdom
506716,21931,JUMBO STORAGE BAG SUKI,2,2010-05-02 16:02:00,1.95,17555.0,United Kingdom
520698,21175,GIN + TONIC DIET METAL SIGN,12,2010-08-29 11:15:00,2.1,15465.0,United Kingdom
489866,85199L,LARGE HANGING IVORY & RED WOOD BIRD,6,2009-12-02 15:04:00,0.65,16200.0,United Kingdom
497894,21419,CONCH SHELL,2,2010-02-14 12:36:00,3.75,15425.0,United Kingdom
520715,21902,"KEY FOB , FRONT  DOOR ",9,2010-08-29 13:58:00,0.65,16510.0,United Kingdom
506709,85231L,LAVENDER SCENTED SET/9 T-LIGHTS,1,2010-05-02 15:10:00,0.85,15426.0,United Kingdom
520416,48138,DOORMAT UNION FLAG,4,2010-08-26 09:42:00,7.49,13024.0,United Kingdom
509957,37370,RETRO COFFEE MUGS ASSORTED,2,2010-05-26 12:49:00,16.13,,United Kingdom
535266,21245,GREEN POLKADOT PLATE ,4,2010-11-25 13:32:00,1.69,14159.0,United Kingdom
500503,84520B,PACK 20 ENGLISH ROSE PAPER NAPKINS,1,2010-03-08 13:38:00,0.85,15916.0,United Kingdom
510983,22464,HANGING METAL HEART LANTERN,2,2010-06-04 12:23:00,3.36,,United Kingdom
520700,22295,HEART FILIGREE DOVE LARGE,1,2010-08-29 11:31:00,1.65,15976.0,United Kingdom
532297,22984,"CARD, GINGHAM ROSE ",12,2010-11-11 13:50:00,0.42,13979.0,United Kingdom
492379,84559A,3D SHEET OF DOG STICKERS,12,2009-12-16 15:06:00,0.85,17469.0,United Kingdom
525407,22077,6 RIBBONS RUSTIC CHARM,12,2010-10-05 12:18:00,1.65,15358.0,United Kingdom
C502566,21528,DAIRY MAID TRADITIONAL TEAPOT ,-2,2010-03-25 12:03:00,5.95,14685.0,United Kingdom
494685,21611,SET OF 12 LILY BOTANICAL T-LIGHTS,1,2010-01-18 11:39:00,5.91,,United Kingdom
523971,22157,ANGEL DECORATION WITH LACE PADDED,4,2010-09-26 13:53:00,0.85,15967.0,United Kingdom
C492691,21529,RETRO SPOT CERAMIC TOASTRACK,-2,2009-12-17 18:46:00,3.45,17095.0,United Kingdom
508330,22251,BIRDHOUSE DECORATION MAGIC GARDEN,12,2010-05-14 11:57:00,1.25,12880.0,United Kingdom
533978,21680,WOODLAND  STICKERS,24,2010-11-19 13:35:00,0.85,12583.0,France
489442,21590,KINGS CHOICE CIGAR BOX MATCHES ,48,2009-12-01 09:46:00,1.25,13635.0,United Kingdom
510191,22366,DOOR MAT AIRMAIL ,1,2010-05-27 17:56:00,7.49,16451.0,United Kingdom
534289,21212,PACK OF 72 RETROSPOT CAKE CASES,3,2010-11-22 11:25:00,1.28,,United Kingdom
510064,84912B,GREEN ROSE WASHBAG,1,2010-05-27 10:56:00,3.36,,United Kingdom
520906,85065,CREAM SWEETHEART TRAYS,10,2010-09-01 10:30:00,9.95,17511.0,United Kingdom
489678,21126,SET OF 6 GIRLS CELEBRATION CANDLES,1,2009-12-02 09:57:00,1.25,16823.0,United Kingdom
505843,21985,PACK OF 12 HEARTS DESIGN TISSUES ,1,2010-04-26 11:57:00,0.81,,United Kingdom
531435,47310M,"SMALL POP BOX,FUNKY MONKEY",1,2010-11-08 12:06:00,1.25,14688.0,United Kingdom
528964,84270,ASSTD DESIGN BUBBLE GUM RING,30,2010-10-26 09:54:00,0.21,17327.0,United Kingdom
503185,21174,POTTERING IN THE SHED METAL SIGN,1,2010-03-30 14:29:00,4.21,,United Kingdom
519195,20723,STRAWBERRY CHARLOTTE BAG,44,2010-08-13 18:07:00,2.51,,United Kingdom
497916,22080,RIBBON REEL SPOTS DESIGN ,5,2010-02-14 14:54:00,1.65,17340.0,United Kingdom
492823,22028,PENNY FARTHING BIRTHDAY CARD,12,2009-12-20 14:59:00,0.42,15358.0,United Kingdom
530818,22114,HOT WATER BOTTLE TEA AND SYMPATHY,1,2010-11-04 13:14:00,3.95,13772.0,United Kingdom
506706,21926,RED/CREAM STRIPE CUSHION COVER ,1,2010-05-02 14:42:00,1.25,16549.0,United Kingdom
499765,20677,PINK SPOTTY BOWL,1,2010-03-02 13:15:00,2.51,,United Kingdom
534508,22667,RECIPE BOX RETROSPOT ,2,2010-11-23 11:43:00,2.95,17458.0,United Kingdom
529763,22959,WRAP CHRISTMAS VILLAGE,25,2010-10-29 15:00:00,0.42,14081.0,United Kingdom
523332,21035,SET/2 RED SPOTTY TEA TOWELS ,24,2010-09-21 14:48:00,2.95,16705.0,United Kingdom
522808,22557,PLASTERS IN TIN VINTAGE PAISLEY ,12,2010-09-16 16:56:00,1.65,12921.0,United Kingdom
494014,21943,CAKES AND RABBITS DESIGN FLANNEL ,1,2010-01-11 09:33:00,0.87,,United Kingdom
495331,85099F,JUMBO BAG STRAWBERRY,4,2010-01-22 16:28:00,1.95,17799.0,United Kingdom
507604,22197,SMALL POPCORN HOLDER,2,2010-05-10 13:43:00,1.66,,United Kingdom
511669,21175,GIN + TONIC DIET METAL SIGN,1,2010-06-09 14:41:00,2.1,14099.0,United Kingdom
535835,90081C,LILY BROOCH OLIVE COLOUR,1,2010-11-29 09:46:00,5.09,,United Kingdom
518404,22667,RECIPE BOX RETRO SPOT DESIGN,4,2010-08-08 13:55:00,2.95,16115.0,United Kingdom
500275,22297,HEART IVORY TRELLIS SMALL,1,2010-03-05 14:45:00,2.51,,United Kingdom
517883,72801C,S/4 ROSE PINK DINNER CANDLES,3,2010-08-02 17:19:00,1.25,14819.0,United Kingdom
538153,72349b,SET/6 PURPLE BUTTERFLY T-LIGHTS,4,2010-12-09 16:31:00,4.21,,United Kingdom
497364,22088,PAPER BUNTING COLOURED LACE,6,2010-02-09 09:47:00,2.95,13131.0,United Kingdom
533783,84970S,HANGING HEART ZINC T-LIGHT HOLDER,12,2010-11-18 16:33:00,0.85,18160.0,United Kingdom
513855,22379,RECYCLING BAG RETROSPOT ,10,2010-06-29 11:23:00,2.1,15078.0,United Kingdom
528621,16169K,WRAP FOLK ART,25,2010-10-24 10:41:00,0.42,14800.0,United Kingdom
490741,84989B,75 BLACK FAIRY CAKE CASES,1,2009-12-07 17:56:00,1.3,,United Kingdom
522087,22694,WICKER STAR ,15,2010-09-12 12:16:00,2.1,16008.0,United Kingdom
535834,22923,FRIDGE MAGNETS LES ENFANTS ASSORTED,12,2010-11-29 09:44:00,0.85,17722.0,United Kingdom
531350,21889,WOODEN BOX OF DOMINOES,24,2010-11-07 13:31:00,1.25,12748.0,United Kingdom
501960,22487,WHITE WOOD GARDEN PLANT LADDER,2,2010-03-22 12:10:00,9.95,14817.0,United Kingdom
491971,85049E,SCANDINAVIAN REDS RIBBONS,1,2009-12-14 18:37:00,2.57,,United Kingdom
493260,20724,RED SPOTTY CHARLOTTE BAG,1,2009-12-22 14:31:00,1.7,,United Kingdom
508822,72801C,S/4 ROSE PINK DINNER CANDLES,12,2010-05-18 13:24:00,1.25,13501.0,Switzerland
536782,21673,WHITE SPOT BLUE CERAMIC DRAWER KNOB,12,2010-12-02 15:18:00,1.25,17567.0,United Kingdom
508074,21042,RED SPOTTY APRON ,1,2010-05-12 16:03:00,5.95,17897.0,United Kingdom
510637,21086,SET/6 RED SPOTTY PAPER CUPS,1,2010-06-02 11:54:00,1.66,,United Kingdom
506962,22624,IVORY KITCHEN SCALES,2,2010-05-05 12:26:00,8.5,14936.0,Channel Islands
491966,85203,HANGING WOOD AND FELT BUTTERFLY ,1,2009-12-14 17:16:00,0.86,,United Kingdom
519201,21212,PACK OF 72 RETRO SPOT CAKE CASES,960,2010-08-15 10:33:00,0.4,13027.0,United Kingdom
519358,22087,PAPER BUNTING WHITE LACE,1,2010-08-16 12:36:00,5.91,,United Kingdom
505995,84879,ASSORTED COLOUR BIRD ORNAMENT,32,2010-04-27 10:31:00,1.69,15601.0,United Kingdom
530437,22585,PACK OF 6 BIRDY GIFT TAGS,1,2010-11-03 11:13:00,1.25,15915.0,United Kingdom
507634,84800L,LARGE WHITE/PINK ROSE ART FLOWER,48,2010-05-10 14:47:00,0.85,14298.0,United Kingdom
526217,22423,REGENCY CAKESTAND 3 TIER,4,2010-10-10 14:30:00,12.75,14390.0,United Kingdom
500827,71279,PINK GLASS CANDLEHOLDER,1,2010-03-10 11:10:00,5.91,,United Kingdom
504145,21257,VICTORIAN SEWING BOX MEDIUM,2,2010-04-11 13:09:00,7.95,13786.0,United Kingdom
529766,22441,GROW YOUR OWN BASIL IN ENAMEL MUG,8,2010-10-29 15:04:00,2.1,14490.0,United Kingdom
524437,21212,PACK OF 72 RETROSPOT CAKE CASES,120,2010-09-29 10:57:00,0.42,17511.0,United Kingdom
491893,15034,PAPER POCKET TRAVELING FAN ,12,2009-12-14 15:17:00,0.14,16805.0,United Kingdom
524408,22467,GUMBALL COAT RACK,36,2010-09-29 09:36:00,2.1,12483.0,Sweden
518519,90212B,JET BLACK LAS VEGAS BRACELET ROUND,3,2010-08-09 15:33:00,3.75,17482.0,United Kingdom
516447,20969,RED FLORAL FELTCRAFT SHOULDER BAG,4,2010-07-20 12:32:00,3.75,16129.0,United Kingdom
519739,84406B,CREAM CUPID HEARTS COAT HANGER,8,2010-08-20 09:39:00,3.25,17699.0,United Kingdom
C506719,22138,BAKING SET 9 PIECE RETROSPOT ,-12,2010-05-04 09:10:00,4.95,14233.0,United Kingdom
489695,85031B,BLOSSOM IMAGES SCRAP BOOK SET,24,2009-12-02 10:48:00,1.25,16202.0,United Kingdom
505791,21213,PACK OF 72 SKULL CAKE CASES,6,2010-04-26 11:07:00,0.55,16335.0,United Kingdom
515635,85096,HILDA CANDY SPOT RABBIT,6,2010-07-14 10:41:00,3.75,17714.0,United Kingdom
503295,22122,SET OF 2 FANCY FONT TEA TOWELS,12,2010-03-31 11:40:00,2.95,13179.0,United Kingdom
503192,15060B,FAIRY CAKE DESIGN UMBRELLA,4,2010-03-30 15:20:00,3.75,13952.0,United Kingdom
492168,21524,SPOTTY  HOME SWEET HOME DOORMAT,2,2009-12-15 14:34:00,6.75,13823.0,United Kingdom
503172,21756,BATH BUILDING BLOCK WORD,2,2010-03-30 13:38:00,5.95,14871.0,United Kingdom
509047,22635,CHILDS BREAKFAST SET DOLLY GIRL ,8,2010-05-20 10:42:00,8.5,13952.0,United Kingdom
504133,22561,WOODEN SCHOOL COLOURING SET,12,2010-04-11 11:47:00,1.65,15489.0,United Kingdom
535398,21326,AGED GLASS SILVER T-LIGHT HOLDER,4,2010-11-26 11:00:00,0.65,18031.0,United Kingdom
490964,22150, 3 STRIPEY MICE FELTCRAFT,1,2009-12-08 16:09:00,1.95,14646.0,Netherlands
527568,20967,GREY FLORAL FELTCRAFT SHOULDER BAG,12,2010-10-18 13:33:00,3.75,17672.0,United Kingdom
508360,20675,BLUE SPOTTY BOWL,2,2010-05-14 12:55:00,1.25,15723.0,United Kingdom
522464,84968C,SET OF 16 VINTAGE PISTACHIO CUTLERY,2,2010-09-14 17:50:00,25.49,,United Kingdom
517989,22659,LUNCH BOX I LOVE LONDON,2,2010-08-03 15:29:00,4.21,,United Kingdom
497227,21232,STRAWBERRY CERAMIC TRINKET BOX,72,2010-02-07 15:57:00,1.06,13798.0,United Kingdom
525227,21671,RED SPOT CERAMIC DRAWER KNOB,12,2010-10-04 13:35:00,1.25,17696.0,United Kingdom
504548,20914,SET/5 RED SPOTTY LID GLASS BOWLS,6,2010-04-14 12:40:00,2.95,14210.0,United Kingdom
512903,47556B,TEA TIME TEA TOWELS ,12,2010-06-18 13:43:00,2.95,16156.0,United Kingdom
511132,90214I,"LETTER ""I"" BLING KEY RING",1,2010-06-07 11:23:00,1.25,17987.0,United Kingdom
508253,84796B,BLUE SAVANNAH PICNIC HAMPER FOR 2,12,2010-05-14 10:50:00,3.95,13576.0,United Kingdom
538003,22956,36 FOIL HEART CAKE CASES,48,2010-12-09 12:05:00,1.85,12429.0,Denmark
516748,84970S,HANGING HEART ZINC T-LIGHT HOLDER,1,2010-07-22 15:06:00,2.13,,United Kingdom
490347,20974,12 PENCILS SMALL TUBE SKULL,24,2009-12-04 16:13:00,0.65,15684.0,United Kingdom
517981,22218,CAKE STAND LACE WHITE,4,2010-08-03 14:52:00,8.47,,United Kingdom
491644,85099C,JUMBO  BAG BAROQUE BLACK WHITE,1,2009-12-11 16:48:00,1.95,17860.0,United Kingdom
523989,22464,HANGING METAL HEART LANTERN,12,2010-09-26 14:15:00,1.65,14105.0,United Kingdom
494147,46776B,WOVEN BERRIES CUSHION COVER ,2,2010-01-11 14:39:00,4.21,,United Kingdom
511858,22029,SPACEBOY BIRTHDAY CARD,3,2010-06-11 10:05:00,0.85,,United Kingdom
493258,85066,CREAM SWEETHEART MINI CHEST,112,2009-12-22 14:19:00,7.93,18102.0,United Kingdom
509214,22502,mailout,100,2010-05-21 10:22:00,0.0,,United Kingdom
532063,22983,"CARD, BILLBOARD FONT",2,2010-11-10 14:48:00,0.85,,United Kingdom
523929,22951,72 CAKE CASES DOLLY GIRL DESIGN,360,2010-09-24 16:50:00,0.42,14646.0,Netherlands
514558,15056BL,EDWARDIAN PARASOL BLACK,4,2010-07-05 11:38:00,4.95,17850.0,United Kingdom
516767,22528,GARDENERS KNEELING PAD,12,2010-07-22 17:21:00,1.25,13433.0,United Kingdom
521478,79066K,RETRO MOD TRAY,2,2010-09-06 12:55:00,0.85,17841.0,United Kingdom
534321,82494L,WOODEN FRAME ANTIQUE WHITE ,6,2010-11-22 11:37:00,2.95,15039.0,United Kingdom
516009,85074,,-120,2010-07-16 09:41:00,0.0,,United Kingdom
533462,21317,GLASS SPHERE CANDLE STAND MEDIUM,2,2010-11-17 12:15:00,5.45,17349.0,United Kingdom
500461,21896,POTTING SHED TWINE,1,2010-03-08 12:35:00,4.21,,United Kingdom
504140,22477,WATERING CAN GARDEN MARKER,10,2010-04-11 12:45:00,1.25,16814.0,United Kingdom
504936,84946,ANTIQUE SILVER TEA GLASS ETCHED,3,2010-04-19 11:23:00,2.51,,United Kingdom
502662,21332,MOROCCAN BEATEN METAL MIRROR,1,2010-03-25 17:21:00,12.75,14704.0,United Kingdom
506313,47566,PARTY BUNTING,10,2010-04-29 11:18:00,8.47,,United Kingdom
522148,22595,CHRISTMAS GINGHAM HEART,24,2010-09-13 10:40:00,0.85,13613.0,United Kingdom
514330,82552,WASHROOM METAL SIGN,12,2010-07-01 14:28:00,1.25,14849.0,United Kingdom
527094,22666,RECIPE BOX PANTRY YELLOW DESIGN,1,2010-10-14 16:14:00,2.95,17913.0,United Kingdom
524290,21671,RED SPOT CERAMIC DRAWER KNOB,4,2010-09-28 12:54:00,1.25,14461.0,United Kingdom
526415,22613,PACK OF 20 SPACEBOY NAPKINS,4,2010-10-11 14:21:00,0.85,,United Kingdom
496979,84510B,SET OF 4 FAIRY CAKES COASTERS ,1,2010-02-05 09:58:00,2.51,,United Kingdom
530913,22049,WRAP CHRISTMAS SCREEN PRINT,25,2010-11-04 16:03:00,0.42,17757.0,United Kingdom
509392,22491,PACK OF 12 COLOURED PENCILS,12,2010-05-23 10:46:00,0.85,16889.0,United Kingdom
534449,84997C,BLUE 3 PIECE POLKADOT CUTLERY SET,4,2010-11-22 15:52:00,3.75,17179.0,United Kingdom
501345,21618,4 WILDFLOWER BOTANICAL CANDLES,48,2010-03-16 10:49:00,3.25,15946.0,United Kingdom
524185,21588,RETRO SPOT GIANT  TUBE MATCHES,12,2010-09-28 09:12:00,2.55,13139.0,United Kingdom
517124,20981,12 PENCILS TALL TUBE WOODLAND,12,2010-07-27 09:38:00,0.85,12801.0,Sweden
536262,22423,REGENCY CAKESTAND 3 TIER,2,2010-11-30 15:33:00,12.75,14085.0,United Kingdom
525961,85198,ASSORTED FARMYARD ANIMALS IN BUCKET,12,2010-10-07 19:57:00,0.85,,United Kingdom
535407,21390,FILIGRIS HEART WITH BUTTERFLY,1,2010-11-26 11:20:00,2.51,,United Kingdom
528657,21902,"KEY FOB , FRONT  DOOR ",3,2010-10-24 12:44:00,0.65,14277.0,France
499858,22177,5 HOOK BLACKBOARD ORGANISER ,1,2010-03-02 17:04:00,21.23,,United Kingdom
528349,22460,EMBOSSED GLASS TEALIGHT HOLDER,12,2010-10-21 14:21:00,1.25,13936.0,United Kingdom
490963,85025C,PINK HEART SHAPE PHOTO FRAME,2,2009-12-08 15:49:00,3.43,,United Kingdom
510445,22243,"HOOK, 5 HANGER ,MAGIC TOADSTOOL RED",1,2010-05-30 15:58:00,1.65,18069.0,United Kingdom
520712,22646,CERAMIC STRAWBERRY CAKE MONEY BANK,12,2010-08-29 13:48:00,1.45,13059.0,United Kingdom
490112,22215,CAKE STAND WHITE TWO TIER LACE,2,2009-12-03 17:04:00,8.5,13037.0,United Kingdom
503871,85116,BLACK CANDELABRA T-LIGHT HOLDER,3,2010-04-08 11:36:00,1.66,,United Kingdom
493878,84671B,CROCHET BEAR WITH BLUE STRIPES,4,2010-01-08 09:08:00,2.55,14769.0,United Kingdom
C525168,21642,ASSORTED TUTTI FRUTTI PEN,-24,2010-10-04 12:15:00,0.85,14911.0,EIRE
537881,22605,WOODEN CROQUET GARDEN SET,8,2010-12-09 09:23:00,12.75,15513.0,United Kingdom
528382,79160,HEART SHAPE WIRELESS DOORBELL,2,2010-10-21 18:01:00,3.36,,United Kingdom
519890,20943,SET/6 GINGERBREAD STAR T-LIGHTS,6,2010-08-22 12:45:00,1.25,15443.0,United Kingdom
506262,84050,PINK HEART SHAPE EGG FRYING PAN,6,2010-04-28 14:45:00,1.65,12839.0,United Kingdom
509412,48129,DOOR MAT TOPIARY,2,2010-05-23 12:14:00,7.49,15303.0,United Kingdom
499685,22150, 3 STRIPEY MICE FELTCRAFT,6,2010-03-02 10:04:00,1.95,14646.0,Netherlands
536182,22600,CHRISTMAS RETROSPOT STAR WOOD,12,2010-11-30 12:25:00,0.85,18260.0,United Kingdom
502875,22364,GLASS JAR DIGESTIVE BISCUITS,4,2010-03-29 10:10:00,2.95,13319.0,United Kingdom
527753,21009,ETCHED GLASS STAR TREE DECORATION,6,2010-10-18 16:52:00,1.25,14572.0,United Kingdom
500275,21328,BALLOONS  WRITING SET ,2,2010-03-05 14:45:00,3.36,,United Kingdom
531750,22756,LARGE YELLOW BABUSHKA NOTEBOOK ,1,2010-11-09 13:06:00,1.25,15325.0,United Kingdom
514949,22382,LUNCH BAG SPACEBOY DESIGN ,10,2010-07-07 11:53:00,1.65,12759.0,Netherlands
510117,22449,SILK PURSE RUSSIAN DOLL PINK,6,2010-05-27 11:52:00,3.35,13080.0,United Kingdom
527979,22746,POPPY'S PLAYHOUSE LIVINGROOM ,6,2010-10-20 10:50:00,2.1,14631.0,United Kingdom
534658,21125,SET 6 FOOTBALL CELEBRATION CANDLES,1,2010-11-23 13:36:00,1.25,18118.0,United Kingdom
502484,20723,STRAWBERRY CHARLOTTE BAG,1,2010-03-24 16:22:00,0.85,13571.0,United Kingdom
534890,21232,STRAWBERRY CERAMIC TRINKET BOX,4,2010-11-24 15:03:00,1.25,16204.0,United Kingdom
498261,21977,PACK OF 60 PINK PAISLEY CAKE CASES,6,2010-02-17 14:47:00,0.55,16938.0,United Kingdom
513279,85217,ASSORTED ICE CREAM FRIDGE MAGNETS,12,2010-06-23 13:19:00,0.65,16180.0,United Kingdom
496651,20681,PINK SPOTTY CHILDS UMBRELLA,2,2010-02-03 12:21:00,3.25,13553.0,United Kingdom
519607,85014B,RED/WHITE DOTS RUFFLED UMBRELLA,2,2010-08-18 16:21:00,5.95,14505.0,United Kingdom
494916,22062,CERAMIC BOWL WITH LOVE HEART DESIGN,1,2010-01-19 17:25:00,2.95,17963.0,United Kingdom
536796,22988,SOLDIERS EGG CUP ,1,2010-12-02 15:46:00,1.25,15574.0,United Kingdom
506250,22348,TEA BAG PLATE RED SPOTTY ,2,2010-04-28 13:34:00,0.85,16327.0,United Kingdom
509150,22555,PLASTERS IN TIN STRONGMAN,1,2010-05-20 12:59:00,1.65,13616.0,United Kingdom
492414,48185,DOOR MAT FAIRY CAKE,1,2009-12-16 17:01:00,13.87,,United Kingdom
535322,84510A,SET OF 4 ENGLISH ROSE COASTERS,1,2010-11-25 15:19:00,2.51,,United Kingdom
531915,17001,HEAVENS SCENT FRAGRANCE OILS ASSTD,36,2010-11-10 12:07:00,0.29,15131.0,United Kingdom
508196,20864,DENIM PATCH PENCIL CASE BUTTERFLY,27,2010-05-13 13:30:00,1.69,16754.0,United Kingdom
C517220,22456,NATURAL SLATE CHALKBOARD LARGE ,-3,2010-07-27 12:38:00,4.95,,United Kingdom
497618,72798C,SET/4 GARDEN ROSE DINNER CANDLE,4,2010-02-11 12:18:00,1.65,15044.0,United Kingdom
538015,71477,COLOUR GLASS. STAR T-LIGHT HOLDER,3,2010-12-09 12:49:00,3.25,13240.0,United Kingdom
526854,22600,CHRISTMAS RETROSPOT STAR WOOD,9,2010-10-13 12:50:00,0.85,14399.0,United Kingdom
504742,85217,ASSORTED ICE CREAM FRIDGE MAGNETS,24,2010-04-16 11:35:00,0.65,15979.0,United Kingdom
497360,84375,SET OF 20 KIDS COOKIE CUTTERS,24,2010-02-09 09:17:00,1.95,12437.0,France
527358,22696,WICKER WREATH LARGE,2,2010-10-17 10:42:00,1.95,16782.0,United Kingdom
519205,16169F,WRAP BLIZZARD,25,2010-08-15 11:02:00,0.42,17300.0,United Kingdom
491394,22114,HOT WATER BOTTLE TEA AND SYMPATHY,1,2009-12-10 16:21:00,3.95,15916.0,United Kingdom
532662,20777,CHRYSANTHEMUM NOTEBOOK,1,2010-11-14 11:30:00,1.65,16601.0,United Kingdom
533027,22669,RED BABY BUNTING ,17,2010-11-15 16:02:00,6.95,,United Kingdom
496220,82494L,WOODEN FRAME ANTIQUE WHITE ,3,2010-01-29 13:52:00,2.95,15421.0,United Kingdom
532642,22759,SET OF 3 NOTEBOOKS IN PARCEL,1,2010-11-12 17:00:00,3.36,,United Kingdom
537862,22810,SET OF 6 T-LIGHTS SNOWMEN,6,2010-12-08 16:21:00,2.95,12971.0,United Kingdom
501474,21212,PACK OF 72 RETRO SPOT CAKE CASES,4,2010-03-16 16:45:00,0.55,17568.0,United Kingdom
511089,21231,SWEETHEART CERAMIC TRINKET BOX,6,2010-06-06 15:03:00,1.25,15005.0,United Kingdom
531776,22561,WOODEN SCHOOL COLOURING SET,12,2010-11-09 14:42:00,1.65,14911.0,EIRE
C520358,79301,FEATHER HEART LIGHTS,-1,2010-08-25 13:35:00,2.55,13777.0,United Kingdom
C492575,21258,VICTORIAN SEWING BOX LARGE,-1,2009-12-17 14:26:00,10.95,15311.0,United Kingdom
537823,84945,MULTI COLOUR SILVER T-LIGHT HOLDER,6,2010-12-08 14:25:00,1.84,,United Kingdom
512889,22501,PICNIC BASKET WICKER LARGE,1,2010-06-18 12:04:00,9.95,16797.0,United Kingdom
514584,20713,missing,-170,2010-07-05 12:06:00,0.0,,United Kingdom
516892,22348,TEA BAG PLATE RED SPOTTY ,1,2010-07-23 15:09:00,1.66,,United Kingdom
490149,37495,FAIRY CAKE BIRTHDAY CANDLE SET,1,2009-12-04 09:43:00,7.78,,United Kingdom
513208,84992,72 SWEETHEART FAIRY CAKE CASES,24,2010-06-23 09:37:00,0.55,13611.0,United Kingdom
497619,21673,WHITE SPOT BLUE CERAMIC DRAWER KNOB,2,2010-02-11 12:22:00,1.25,14451.0,United Kingdom
535487,21494,ROTATING LEAVES T-LIGHT HOLDER,4,2010-11-26 14:41:00,5.91,,United Kingdom
516567,82600,NO SINGING METAL SIGN,12,2010-07-21 12:39:00,2.1,16529.0,United Kingdom
529994,21810,CHRISTMAS HANGING STAR WITH BELL,8,2010-10-31 16:26:00,1.25,16984.0,United Kingdom
526462,22600,CHRISTMAS RETROSPOT STAR WOOD,10,2010-10-11 16:14:00,0.85,15024.0,United Kingdom
509533,21239,PINK  SPOTTY CUP,1,2010-05-24 12:01:00,1.66,,United Kingdom
493442,79067,CORONA MEXICAN TRAY,6,2010-01-04 13:36:00,3.75,13821.0,United Kingdom
494913,21622,VINTAGE UNION JACK CUSHION COVER,2,2010-01-19 17:03:00,4.95,17576.0,United Kingdom
514835,84969,ASSORTED COLOUR SET 6 TEASPOONS,1,2010-07-06 14:25:00,8.47,,United Kingdom
533947,21930,JUMBO STORAGE BAG SKULLS,1,2010-11-19 12:09:00,1.95,17862.0,United Kingdom
535780,22792,FLUTED ANTIQUE CANDLE HOLDER,12,2010-11-28 13:51:00,0.85,13435.0,United Kingdom
508451,35916C,PINK FELT HANGING HEART W FLOWER,1,2010-05-14 16:33:00,1.66,,United Kingdom
515956,21870,I CAN ONLY PLEASE ONE PERSON MUG,12,2010-07-15 19:56:00,1.25,13291.0,United Kingdom
528629,22560,TRADITIONAL MODELLING CLAY,24,2010-10-24 11:18:00,1.25,13654.0,United Kingdom
516483,22593,CHRISTMAS GINGHAM STAR,24,2010-07-21 09:32:00,0.85,17080.0,United Kingdom
499248,21929,JUMBO BAG PINK VINTAGE PAISLEY,20,2010-02-25 14:18:00,1.65,14298.0,United Kingdom
501133,84755,COLOUR GLASS T-LIGHT HOLDER HANGING,32,2010-03-14 10:10:00,0.65,17920.0,United Kingdom
531800,22832,SWEETHEART WIRE WALL TIDY,2,2010-11-09 15:45:00,10.75,15281.0,United Kingdom
